2025-07-26 10:39:36,962 WARN c.z.h.p.HikariPool$HouseKeeper {run} [HikariPool-1 housekeeper] HikariPool-1 - Thread starvation or clock leap detected (housekeeper delta=11h38m28s948ms727µs200ns).
2025-07-26 11:09:07,830 INFO o.s.b.w.e.t.GracefulShutdown {shutDownGracefully} [SpringApplicationShutdownHook] Commencing graceful shutdown. Waiting for active requests to complete
2025-07-26 11:09:07,906 INFO o.s.b.w.e.t.GracefulShutdown {doShutdown} [tomcat-shutdown] Graceful shutdown complete
2025-07-26 11:09:07,906 INFO o.s.o.j.AbstractEntityManagerFactoryBean {destroy} [SpringApplicationShutdownHook] Closing JPA EntityManagerFactory for persistence unit 'default'
2025-07-26 11:09:07,906 INFO c.z.h.HikariDataSource {close} [SpringApplicationShutdownHook] HikariPool-1 - Shutdown initiated...
2025-07-26 11:09:07,914 INFO c.z.h.HikariDataSource {close} [SpringApplicationShutdownHook] HikariPool-1 - Shutdown completed.
2025-07-26 11:09:17,216 INFO o.h.v.i.u.Version {<clinit>} [background-preinit] HV000001: Hibernate Validator 8.0.2.Final
2025-07-26 11:09:17,266 INFO o.s.b.StartupInfoLogger {logStarting} [main] Starting ApiPlantApplication using Java 17.0.12 with PID 15168 (C:\Users\maria\OneDrive\Desktop\ApiPlant\target\classes started by maria in C:\Users\maria\OneDrive\Desktop\ApiPlant)
2025-07-26 11:09:17,266 INFO o.s.b.SpringApplication {logStartupProfileInfo} [main] No active profile set, falling back to 1 default profile: "default"
2025-07-26 11:09:17,685 INFO o.s.d.r.c.RepositoryConfigurationDelegate {registerRepositoriesIn} [main] Bootstrapping Spring Data JPA repositories in DEFAULT mode.
2025-07-26 11:09:17,739 INFO o.s.d.r.c.RepositoryConfigurationDelegate {registerRepositoriesIn} [main] Finished Spring Data repository scanning in 41 ms. Found 5 JPA repository interfaces.
2025-07-26 11:09:18,113 INFO o.s.b.w.e.t.TomcatWebServer {initialize} [main] Tomcat initialized with port 8080 (http)
2025-07-26 11:09:18,131 INFO o.a.j.l.DirectJDKLog {log} [main] Initializing ProtocolHandler ["http-nio-8080"]
2025-07-26 11:09:18,131 INFO o.a.j.l.DirectJDKLog {log} [main] Starting service [Tomcat]
2025-07-26 11:09:18,131 INFO o.a.j.l.DirectJDKLog {log} [main] Starting Servlet engine: [Apache Tomcat/10.1.42]
2025-07-26 11:09:18,189 INFO o.a.j.l.DirectJDKLog {log} [main] Initializing Spring embedded WebApplicationContext
2025-07-26 11:09:18,189 INFO o.s.b.w.s.c.ServletWebServerApplicationContext {prepareWebApplicationContext} [main] Root WebApplicationContext: initialization completed in 892 ms
2025-07-26 11:09:18,314 INFO o.h.j.i.u.LogHelper {logPersistenceUnitInformation} [main] HHH000204: Processing PersistenceUnitInfo [name: default]
2025-07-26 11:09:18,372 INFO o.h.Version {logVersion} [main] HHH000412: Hibernate ORM core version 6.6.18.Final
2025-07-26 11:09:18,405 INFO o.h.c.i.RegionFactoryInitiator {initiateService} [main] HHH000026: Second-level cache disabled
2025-07-26 11:09:18,627 INFO o.s.o.j.p.SpringPersistenceUnitInfo {addTransformer} [main] No LoadTimeWeaver setup: ignoring JPA class transformer
2025-07-26 11:09:18,657 INFO c.z.h.HikariDataSource {getConnection} [main] HikariPool-1 - Starting...
2025-07-26 11:09:18,863 INFO c.z.h.p.HikariPool {checkFailFast} [main] HikariPool-1 - Added connection conn0: url=jdbc:h2:file:~/apiplant.db user=SA
2025-07-26 11:09:18,865 INFO c.z.h.HikariDataSource {getConnection} [main] HikariPool-1 - Start completed.
2025-07-26 11:09:18,890 WARN o.h.e.j.d.i.DialectFactoryImpl {constructDialect} [main] HHH90000025: H2Dialect does not need to be specified explicitly using 'hibernate.dialect' (remove the property setting and it will be selected by default)
2025-07-26 11:09:18,910 INFO o.h.e.j.e.i.JdbcEnvironmentInitiator {logConnectionInfo} [main] HHH10001005: Database info:
	Database JDBC URL [Connecting through datasource 'HikariDataSource (HikariPool-1)']
	Database driver: undefined/unknown
	Database version: 2.3.232
	Autocommit mode: undefined/unknown
	Isolation level: undefined/unknown
	Minimum pool size: undefined/unknown
	Maximum pool size: undefined/unknown
2025-07-26 11:09:19,717 INFO o.h.e.t.j.p.i.JtaPlatformInitiator {initiateService} [main] HHH000489: No JTA platform available (set 'hibernate.transaction.jta.platform' to enable JTA platform integration)
2025-07-26 11:09:19,777 INFO o.s.o.j.AbstractEntityManagerFactoryBean {buildNativeEntityManagerFactory} [main] Initialized JPA EntityManagerFactory for persistence unit 'default'
2025-07-26 11:09:20,138 WARN o.s.b.a.o.j.JpaBaseConfiguration$JpaWebConfiguration {openEntityManagerInViewInterceptor} [main] spring.jpa.open-in-view is enabled by default. Therefore, database queries may be performed during view rendering. Explicitly configure spring.jpa.open-in-view to disable this warning
2025-07-26 11:09:20,371 INFO o.s.b.a.h.H2ConsoleAutoConfiguration$H2ConsoleLogger {log} [main] H2 console available at '/h2-console'. Database available at 'jdbc:h2:file:~/apiplant.db'
2025-07-26 11:09:20,420 INFO o.a.j.l.DirectJDKLog {log} [main] Starting ProtocolHandler ["http-nio-8080"]
2025-07-26 11:09:20,444 INFO o.s.b.w.e.t.TomcatWebServer {start} [main] Tomcat started on port 8080 (http) with context path '/'
2025-07-26 11:09:20,454 INFO o.s.b.StartupInfoLogger {logStarted} [main] Started ApiPlantApplication in 3.548 seconds (process running for 3.766)
2025-07-26 11:10:31,781 INFO o.a.j.l.DirectJDKLog {log} [http-nio-8080-exec-1] Initializing Spring DispatcherServlet 'dispatcherServlet'
2025-07-26 11:10:31,782 INFO o.s.w.s.FrameworkServlet {initServletBean} [http-nio-8080-exec-1] Initializing Servlet 'dispatcherServlet'
2025-07-26 11:10:31,783 INFO o.s.w.s.FrameworkServlet {initServletBean} [http-nio-8080-exec-1] Completed initialization in 1 ms
2025-07-26 11:35:58,803 INFO o.s.b.w.e.t.GracefulShutdown {shutDownGracefully} [SpringApplicationShutdownHook] Commencing graceful shutdown. Waiting for active requests to complete
2025-07-26 11:35:58,872 INFO o.s.b.w.e.t.GracefulShutdown {doShutdown} [tomcat-shutdown] Graceful shutdown complete
2025-07-26 11:35:58,875 INFO o.s.o.j.AbstractEntityManagerFactoryBean {destroy} [SpringApplicationShutdownHook] Closing JPA EntityManagerFactory for persistence unit 'default'
2025-07-26 11:35:58,877 INFO c.z.h.HikariDataSource {close} [SpringApplicationShutdownHook] HikariPool-1 - Shutdown initiated...
2025-07-26 11:35:58,878 INFO c.z.h.HikariDataSource {close} [SpringApplicationShutdownHook] HikariPool-1 - Shutdown completed.
2025-07-26 11:36:07,043 INFO o.h.v.i.u.Version {<clinit>} [background-preinit] HV000001: Hibernate Validator 8.0.2.Final
2025-07-26 11:36:07,087 INFO o.s.b.StartupInfoLogger {logStarting} [main] Starting ApiPlantApplication using Java 17.0.12 with PID 11020 (C:\Users\maria\OneDrive\Desktop\ApiPlant\target\classes started by maria in C:\Users\maria\OneDrive\Desktop\ApiPlant)
2025-07-26 11:36:07,088 INFO o.s.b.SpringApplication {logStartupProfileInfo} [main] No active profile set, falling back to 1 default profile: "default"
2025-07-26 11:36:07,482 INFO o.s.d.r.c.RepositoryConfigurationDelegate {registerRepositoriesIn} [main] Bootstrapping Spring Data JPA repositories in DEFAULT mode.
2025-07-26 11:36:07,532 INFO o.s.d.r.c.RepositoryConfigurationDelegate {registerRepositoriesIn} [main] Finished Spring Data repository scanning in 44 ms. Found 5 JPA repository interfaces.
2025-07-26 11:36:07,892 INFO o.s.b.w.e.t.TomcatWebServer {initialize} [main] Tomcat initialized with port 8080 (http)
2025-07-26 11:36:07,900 INFO o.a.j.l.DirectJDKLog {log} [main] Initializing ProtocolHandler ["http-nio-8080"]
2025-07-26 11:36:07,901 INFO o.a.j.l.DirectJDKLog {log} [main] Starting service [Tomcat]
2025-07-26 11:36:07,902 INFO o.a.j.l.DirectJDKLog {log} [main] Starting Servlet engine: [Apache Tomcat/10.1.42]
2025-07-26 11:36:07,943 INFO o.a.j.l.DirectJDKLog {log} [main] Initializing Spring embedded WebApplicationContext
2025-07-26 11:36:07,945 INFO o.s.b.w.s.c.ServletWebServerApplicationContext {prepareWebApplicationContext} [main] Root WebApplicationContext: initialization completed in 826 ms
2025-07-26 11:36:08,050 INFO o.h.j.i.u.LogHelper {logPersistenceUnitInformation} [main] HHH000204: Processing PersistenceUnitInfo [name: default]
2025-07-26 11:36:08,086 INFO o.h.Version {logVersion} [main] HHH000412: Hibernate ORM core version 6.6.18.Final
2025-07-26 11:36:08,110 INFO o.h.c.i.RegionFactoryInitiator {initiateService} [main] HHH000026: Second-level cache disabled
2025-07-26 11:36:08,293 INFO o.s.o.j.p.SpringPersistenceUnitInfo {addTransformer} [main] No LoadTimeWeaver setup: ignoring JPA class transformer
2025-07-26 11:36:08,313 INFO c.z.h.HikariDataSource {getConnection} [main] HikariPool-1 - Starting...
2025-07-26 11:36:08,485 INFO c.z.h.p.HikariPool {checkFailFast} [main] HikariPool-1 - Added connection conn0: url=jdbc:h2:file:~/apiplant.db user=SA
2025-07-26 11:36:08,488 INFO c.z.h.HikariDataSource {getConnection} [main] HikariPool-1 - Start completed.
2025-07-26 11:36:08,507 WARN o.h.e.j.d.i.DialectFactoryImpl {constructDialect} [main] HHH90000025: H2Dialect does not need to be specified explicitly using 'hibernate.dialect' (remove the property setting and it will be selected by default)
2025-07-26 11:36:08,527 INFO o.h.e.j.e.i.JdbcEnvironmentInitiator {logConnectionInfo} [main] HHH10001005: Database info:
	Database JDBC URL [Connecting through datasource 'HikariDataSource (HikariPool-1)']
	Database driver: undefined/unknown
	Database version: 2.3.232
	Autocommit mode: undefined/unknown
	Isolation level: undefined/unknown
	Minimum pool size: undefined/unknown
	Maximum pool size: undefined/unknown
2025-07-26 11:36:09,242 INFO o.h.e.t.j.p.i.JtaPlatformInitiator {initiateService} [main] HHH000489: No JTA platform available (set 'hibernate.transaction.jta.platform' to enable JTA platform integration)
2025-07-26 11:36:09,293 INFO o.s.o.j.AbstractEntityManagerFactoryBean {buildNativeEntityManagerFactory} [main] Initialized JPA EntityManagerFactory for persistence unit 'default'
2025-07-26 11:36:09,602 WARN o.s.b.a.o.j.JpaBaseConfiguration$JpaWebConfiguration {openEntityManagerInViewInterceptor} [main] spring.jpa.open-in-view is enabled by default. Therefore, database queries may be performed during view rendering. Explicitly configure spring.jpa.open-in-view to disable this warning
2025-07-26 11:36:09,797 INFO o.s.b.a.h.H2ConsoleAutoConfiguration$H2ConsoleLogger {log} [main] H2 console available at '/h2-console'. Database available at 'jdbc:h2:file:~/apiplant.db'
2025-07-26 11:36:09,837 INFO o.a.j.l.DirectJDKLog {log} [main] Starting ProtocolHandler ["http-nio-8080"]
2025-07-26 11:36:09,859 INFO o.s.b.w.e.t.TomcatWebServer {start} [main] Tomcat started on port 8080 (http) with context path '/'
2025-07-26 11:36:09,866 INFO o.s.b.StartupInfoLogger {logStarted} [main] Started ApiPlantApplication in 3.117 seconds (process running for 3.324)
2025-07-26 11:36:28,084 INFO o.a.j.l.DirectJDKLog {log} [http-nio-8080-exec-1] Initializing Spring DispatcherServlet 'dispatcherServlet'
2025-07-26 11:36:28,085 INFO o.s.w.s.FrameworkServlet {initServletBean} [http-nio-8080-exec-1] Initializing Servlet 'dispatcherServlet'
2025-07-26 11:36:28,086 INFO o.s.w.s.FrameworkServlet {initServletBean} [http-nio-8080-exec-1] Completed initialization in 1 ms
2025-07-26 11:37:00,249 INFO o.s.b.w.e.t.GracefulShutdown {shutDownGracefully} [SpringApplicationShutdownHook] Commencing graceful shutdown. Waiting for active requests to complete
2025-07-26 11:37:00,328 INFO o.s.b.w.e.t.GracefulShutdown {doShutdown} [tomcat-shutdown] Graceful shutdown complete
2025-07-26 11:37:00,333 INFO o.s.o.j.AbstractEntityManagerFactoryBean {destroy} [SpringApplicationShutdownHook] Closing JPA EntityManagerFactory for persistence unit 'default'
2025-07-26 11:37:00,335 INFO c.z.h.HikariDataSource {close} [SpringApplicationShutdownHook] HikariPool-1 - Shutdown initiated...
2025-07-26 11:37:00,337 INFO c.z.h.HikariDataSource {close} [SpringApplicationShutdownHook] HikariPool-1 - Shutdown completed.
2025-07-26 11:37:08,829 INFO o.h.v.i.u.Version {<clinit>} [background-preinit] HV000001: Hibernate Validator 8.0.2.Final
2025-07-26 11:37:08,871 INFO o.s.b.StartupInfoLogger {logStarting} [main] Starting ApiPlantApplication using Java 17.0.12 with PID 16848 (C:\Users\maria\OneDrive\Desktop\ApiPlant\target\classes started by maria in C:\Users\maria\OneDrive\Desktop\ApiPlant)
2025-07-26 11:37:08,872 INFO o.s.b.SpringApplication {logStartupProfileInfo} [main] No active profile set, falling back to 1 default profile: "default"
2025-07-26 11:37:09,253 INFO o.s.d.r.c.RepositoryConfigurationDelegate {registerRepositoriesIn} [main] Bootstrapping Spring Data JPA repositories in DEFAULT mode.
2025-07-26 11:37:09,309 INFO o.s.d.r.c.RepositoryConfigurationDelegate {registerRepositoriesIn} [main] Finished Spring Data repository scanning in 46 ms. Found 5 JPA repository interfaces.
2025-07-26 11:37:09,689 INFO o.s.b.w.e.t.TomcatWebServer {initialize} [main] Tomcat initialized with port 8080 (http)
2025-07-26 11:37:09,699 INFO o.a.j.l.DirectJDKLog {log} [main] Initializing ProtocolHandler ["http-nio-8080"]
2025-07-26 11:37:09,700 INFO o.a.j.l.DirectJDKLog {log} [main] Starting service [Tomcat]
2025-07-26 11:37:09,701 INFO o.a.j.l.DirectJDKLog {log} [main] Starting Servlet engine: [Apache Tomcat/10.1.42]
2025-07-26 11:37:09,742 INFO o.a.j.l.DirectJDKLog {log} [main] Initializing Spring embedded WebApplicationContext
2025-07-26 11:37:09,744 INFO o.s.b.w.s.c.ServletWebServerApplicationContext {prepareWebApplicationContext} [main] Root WebApplicationContext: initialization completed in 842 ms
2025-07-26 11:37:09,892 INFO o.h.j.i.u.LogHelper {logPersistenceUnitInformation} [main] HHH000204: Processing PersistenceUnitInfo [name: default]
2025-07-26 11:37:09,952 INFO o.h.Version {logVersion} [main] HHH000412: Hibernate ORM core version 6.6.18.Final
2025-07-26 11:37:09,977 INFO o.h.c.i.RegionFactoryInitiator {initiateService} [main] HHH000026: Second-level cache disabled
2025-07-26 11:37:10,157 INFO o.s.o.j.p.SpringPersistenceUnitInfo {addTransformer} [main] No LoadTimeWeaver setup: ignoring JPA class transformer
2025-07-26 11:37:10,180 INFO c.z.h.HikariDataSource {getConnection} [main] HikariPool-1 - Starting...
2025-07-26 11:37:10,349 INFO c.z.h.p.HikariPool {checkFailFast} [main] HikariPool-1 - Added connection conn0: url=jdbc:h2:file:~/apiplant.db user=SA
2025-07-26 11:37:10,351 INFO c.z.h.HikariDataSource {getConnection} [main] HikariPool-1 - Start completed.
2025-07-26 11:37:10,371 WARN o.h.e.j.d.i.DialectFactoryImpl {constructDialect} [main] HHH90000025: H2Dialect does not need to be specified explicitly using 'hibernate.dialect' (remove the property setting and it will be selected by default)
2025-07-26 11:37:10,390 INFO o.h.e.j.e.i.JdbcEnvironmentInitiator {logConnectionInfo} [main] HHH10001005: Database info:
	Database JDBC URL [Connecting through datasource 'HikariDataSource (HikariPool-1)']
	Database driver: undefined/unknown
	Database version: 2.3.232
	Autocommit mode: undefined/unknown
	Isolation level: undefined/unknown
	Minimum pool size: undefined/unknown
	Maximum pool size: undefined/unknown
2025-07-26 11:37:11,114 INFO o.h.e.t.j.p.i.JtaPlatformInitiator {initiateService} [main] HHH000489: No JTA platform available (set 'hibernate.transaction.jta.platform' to enable JTA platform integration)
2025-07-26 11:37:11,166 INFO o.s.o.j.AbstractEntityManagerFactoryBean {buildNativeEntityManagerFactory} [main] Initialized JPA EntityManagerFactory for persistence unit 'default'
2025-07-26 11:37:11,467 WARN o.s.b.a.o.j.JpaBaseConfiguration$JpaWebConfiguration {openEntityManagerInViewInterceptor} [main] spring.jpa.open-in-view is enabled by default. Therefore, database queries may be performed during view rendering. Explicitly configure spring.jpa.open-in-view to disable this warning
2025-07-26 11:37:11,648 INFO o.s.b.a.h.H2ConsoleAutoConfiguration$H2ConsoleLogger {log} [main] H2 console available at '/h2-console'. Database available at 'jdbc:h2:file:~/apiplant.db'
2025-07-26 11:37:11,683 INFO o.a.j.l.DirectJDKLog {log} [main] Starting ProtocolHandler ["http-nio-8080"]
2025-07-26 11:37:11,703 INFO o.s.b.w.e.t.TomcatWebServer {start} [main] Tomcat started on port 8080 (http) with context path '/'
2025-07-26 11:37:11,709 INFO o.s.b.StartupInfoLogger {logStarted} [main] Started ApiPlantApplication in 3.184 seconds (process running for 3.393)
2025-07-26 11:37:18,971 INFO o.a.j.l.DirectJDKLog {log} [http-nio-8080-exec-1] Initializing Spring DispatcherServlet 'dispatcherServlet'
2025-07-26 11:37:18,971 INFO o.s.w.s.FrameworkServlet {initServletBean} [http-nio-8080-exec-1] Initializing Servlet 'dispatcherServlet'
2025-07-26 11:37:18,972 INFO o.s.w.s.FrameworkServlet {initServletBean} [http-nio-8080-exec-1] Completed initialization in 1 ms
2025-07-26 11:42:21,674 INFO o.s.b.w.e.t.GracefulShutdown {shutDownGracefully} [SpringApplicationShutdownHook] Commencing graceful shutdown. Waiting for active requests to complete
2025-07-26 11:42:21,745 INFO o.s.b.w.e.t.GracefulShutdown {doShutdown} [tomcat-shutdown] Graceful shutdown complete
2025-07-26 11:42:21,748 INFO o.s.o.j.AbstractEntityManagerFactoryBean {destroy} [SpringApplicationShutdownHook] Closing JPA EntityManagerFactory for persistence unit 'default'
2025-07-26 11:42:21,750 INFO c.z.h.HikariDataSource {close} [SpringApplicationShutdownHook] HikariPool-1 - Shutdown initiated...
2025-07-26 11:42:21,752 INFO c.z.h.HikariDataSource {close} [SpringApplicationShutdownHook] HikariPool-1 - Shutdown completed.
2025-07-26 11:42:31,415 INFO o.h.v.i.u.Version {<clinit>} [background-preinit] HV000001: Hibernate Validator 8.0.2.Final
2025-07-26 11:42:31,460 INFO o.s.b.StartupInfoLogger {logStarting} [main] Starting ApiPlantApplication using Java 17.0.12 with PID 17280 (C:\Users\maria\OneDrive\Desktop\ApiPlant\target\classes started by maria in C:\Users\maria\OneDrive\Desktop\ApiPlant)
2025-07-26 11:42:31,461 INFO o.s.b.SpringApplication {logStartupProfileInfo} [main] No active profile set, falling back to 1 default profile: "default"
2025-07-26 11:42:31,873 INFO o.s.d.r.c.RepositoryConfigurationDelegate {registerRepositoriesIn} [main] Bootstrapping Spring Data JPA repositories in DEFAULT mode.
2025-07-26 11:42:31,920 INFO o.s.d.r.c.RepositoryConfigurationDelegate {registerRepositoriesIn} [main] Finished Spring Data repository scanning in 41 ms. Found 5 JPA repository interfaces.
2025-07-26 11:42:32,295 INFO o.s.b.w.e.t.TomcatWebServer {initialize} [main] Tomcat initialized with port 8080 (http)
2025-07-26 11:42:32,304 INFO o.a.j.l.DirectJDKLog {log} [main] Initializing ProtocolHandler ["http-nio-8080"]
2025-07-26 11:42:32,306 INFO o.a.j.l.DirectJDKLog {log} [main] Starting service [Tomcat]
2025-07-26 11:42:32,307 INFO o.a.j.l.DirectJDKLog {log} [main] Starting Servlet engine: [Apache Tomcat/10.1.42]
2025-07-26 11:42:32,351 INFO o.a.j.l.DirectJDKLog {log} [main] Initializing Spring embedded WebApplicationContext
2025-07-26 11:42:32,352 INFO o.s.b.w.s.c.ServletWebServerApplicationContext {prepareWebApplicationContext} [main] Root WebApplicationContext: initialization completed in 864 ms
2025-07-26 11:42:32,448 INFO o.h.j.i.u.LogHelper {logPersistenceUnitInformation} [main] HHH000204: Processing PersistenceUnitInfo [name: default]
2025-07-26 11:42:32,484 INFO o.h.Version {logVersion} [main] HHH000412: Hibernate ORM core version 6.6.18.Final
2025-07-26 11:42:32,507 INFO o.h.c.i.RegionFactoryInitiator {initiateService} [main] HHH000026: Second-level cache disabled
2025-07-26 11:42:32,714 INFO o.s.o.j.p.SpringPersistenceUnitInfo {addTransformer} [main] No LoadTimeWeaver setup: ignoring JPA class transformer
2025-07-26 11:42:32,737 INFO c.z.h.HikariDataSource {getConnection} [main] HikariPool-1 - Starting...
2025-07-26 11:42:32,911 INFO c.z.h.p.HikariPool {checkFailFast} [main] HikariPool-1 - Added connection conn0: url=jdbc:h2:file:~/apiplant.db user=SA
2025-07-26 11:42:32,913 INFO c.z.h.HikariDataSource {getConnection} [main] HikariPool-1 - Start completed.
2025-07-26 11:42:32,935 WARN o.h.e.j.d.i.DialectFactoryImpl {constructDialect} [main] HHH90000025: H2Dialect does not need to be specified explicitly using 'hibernate.dialect' (remove the property setting and it will be selected by default)
2025-07-26 11:42:32,954 INFO o.h.e.j.e.i.JdbcEnvironmentInitiator {logConnectionInfo} [main] HHH10001005: Database info:
	Database JDBC URL [Connecting through datasource 'HikariDataSource (HikariPool-1)']
	Database driver: undefined/unknown
	Database version: 2.3.232
	Autocommit mode: undefined/unknown
	Isolation level: undefined/unknown
	Minimum pool size: undefined/unknown
	Maximum pool size: undefined/unknown
2025-07-26 11:42:33,689 INFO o.h.e.t.j.p.i.JtaPlatformInitiator {initiateService} [main] HHH000489: No JTA platform available (set 'hibernate.transaction.jta.platform' to enable JTA platform integration)
2025-07-26 11:42:33,741 INFO o.s.o.j.AbstractEntityManagerFactoryBean {buildNativeEntityManagerFactory} [main] Initialized JPA EntityManagerFactory for persistence unit 'default'
2025-07-26 11:42:34,048 WARN o.s.b.a.o.j.JpaBaseConfiguration$JpaWebConfiguration {openEntityManagerInViewInterceptor} [main] spring.jpa.open-in-view is enabled by default. Therefore, database queries may be performed during view rendering. Explicitly configure spring.jpa.open-in-view to disable this warning
2025-07-26 11:42:34,236 INFO o.s.b.a.h.H2ConsoleAutoConfiguration$H2ConsoleLogger {log} [main] H2 console available at '/h2-console'. Database available at 'jdbc:h2:file:~/apiplant.db'
2025-07-26 11:42:34,279 INFO o.a.j.l.DirectJDKLog {log} [main] Starting ProtocolHandler ["http-nio-8080"]
2025-07-26 11:42:34,294 INFO o.s.b.w.e.t.TomcatWebServer {start} [main] Tomcat started on port 8080 (http) with context path '/'
2025-07-26 11:42:34,301 INFO o.s.b.StartupInfoLogger {logStarted} [main] Started ApiPlantApplication in 3.18 seconds (process running for 3.377)
2025-07-26 11:42:37,488 INFO o.a.j.l.DirectJDKLog {log} [http-nio-8080-exec-1] Initializing Spring DispatcherServlet 'dispatcherServlet'
2025-07-26 11:42:37,488 INFO o.s.w.s.FrameworkServlet {initServletBean} [http-nio-8080-exec-1] Initializing Servlet 'dispatcherServlet'
2025-07-26 11:42:37,489 INFO o.s.w.s.FrameworkServlet {initServletBean} [http-nio-8080-exec-1] Completed initialization in 1 ms
2025-07-26 11:43:05,503 INFO o.s.b.w.e.t.GracefulShutdown {shutDownGracefully} [SpringApplicationShutdownHook] Commencing graceful shutdown. Waiting for active requests to complete
2025-07-26 11:43:05,584 INFO o.s.b.w.e.t.GracefulShutdown {doShutdown} [tomcat-shutdown] Graceful shutdown complete
2025-07-26 11:43:05,588 INFO o.s.o.j.AbstractEntityManagerFactoryBean {destroy} [SpringApplicationShutdownHook] Closing JPA EntityManagerFactory for persistence unit 'default'
2025-07-26 11:43:05,589 INFO c.z.h.HikariDataSource {close} [SpringApplicationShutdownHook] HikariPool-1 - Shutdown initiated...
2025-07-26 11:43:05,591 INFO c.z.h.HikariDataSource {close} [SpringApplicationShutdownHook] HikariPool-1 - Shutdown completed.
2025-07-26 11:43:30,806 INFO o.h.v.i.u.Version {<clinit>} [background-preinit] HV000001: Hibernate Validator 8.0.2.Final
2025-07-26 11:43:30,854 INFO o.s.b.StartupInfoLogger {logStarting} [main] Starting ApiPlantApplication using Java 17.0.12 with PID 21972 (C:\Users\maria\OneDrive\Desktop\ApiPlant\target\classes started by maria in C:\Users\maria\OneDrive\Desktop\ApiPlant)
2025-07-26 11:43:30,856 INFO o.s.b.SpringApplication {logStartupProfileInfo} [main] No active profile set, falling back to 1 default profile: "default"
2025-07-26 11:43:31,266 INFO o.s.d.r.c.RepositoryConfigurationDelegate {registerRepositoriesIn} [main] Bootstrapping Spring Data JPA repositories in DEFAULT mode.
2025-07-26 11:43:31,317 INFO o.s.d.r.c.RepositoryConfigurationDelegate {registerRepositoriesIn} [main] Finished Spring Data repository scanning in 44 ms. Found 5 JPA repository interfaces.
2025-07-26 11:43:31,685 INFO o.s.b.w.e.t.TomcatWebServer {initialize} [main] Tomcat initialized with port 8080 (http)
2025-07-26 11:43:31,694 INFO o.a.j.l.DirectJDKLog {log} [main] Initializing ProtocolHandler ["http-nio-8080"]
2025-07-26 11:43:31,697 INFO o.a.j.l.DirectJDKLog {log} [main] Starting service [Tomcat]
2025-07-26 11:43:31,697 INFO o.a.j.l.DirectJDKLog {log} [main] Starting Servlet engine: [Apache Tomcat/10.1.42]
2025-07-26 11:43:31,739 INFO o.a.j.l.DirectJDKLog {log} [main] Initializing Spring embedded WebApplicationContext
2025-07-26 11:43:31,740 INFO o.s.b.w.s.c.ServletWebServerApplicationContext {prepareWebApplicationContext} [main] Root WebApplicationContext: initialization completed in 854 ms
2025-07-26 11:43:31,845 INFO o.h.j.i.u.LogHelper {logPersistenceUnitInformation} [main] HHH000204: Processing PersistenceUnitInfo [name: default]
2025-07-26 11:43:31,881 INFO o.h.Version {logVersion} [main] HHH000412: Hibernate ORM core version 6.6.18.Final
2025-07-26 11:43:31,905 INFO o.h.c.i.RegionFactoryInitiator {initiateService} [main] HHH000026: Second-level cache disabled
2025-07-26 11:43:32,088 INFO o.s.o.j.p.SpringPersistenceUnitInfo {addTransformer} [main] No LoadTimeWeaver setup: ignoring JPA class transformer
2025-07-26 11:43:32,108 INFO c.z.h.HikariDataSource {getConnection} [main] HikariPool-1 - Starting...
2025-07-26 11:43:32,278 INFO c.z.h.p.HikariPool {checkFailFast} [main] HikariPool-1 - Added connection conn0: url=jdbc:h2:file:~/apiplant.db user=SA
2025-07-26 11:43:32,279 INFO c.z.h.HikariDataSource {getConnection} [main] HikariPool-1 - Start completed.
2025-07-26 11:43:32,296 WARN o.h.e.j.d.i.DialectFactoryImpl {constructDialect} [main] HHH90000025: H2Dialect does not need to be specified explicitly using 'hibernate.dialect' (remove the property setting and it will be selected by default)
2025-07-26 11:43:32,315 INFO o.h.e.j.e.i.JdbcEnvironmentInitiator {logConnectionInfo} [main] HHH10001005: Database info:
	Database JDBC URL [Connecting through datasource 'HikariDataSource (HikariPool-1)']
	Database driver: undefined/unknown
	Database version: 2.3.232
	Autocommit mode: undefined/unknown
	Isolation level: undefined/unknown
	Minimum pool size: undefined/unknown
	Maximum pool size: undefined/unknown
2025-07-26 11:43:33,043 INFO o.h.e.t.j.p.i.JtaPlatformInitiator {initiateService} [main] HHH000489: No JTA platform available (set 'hibernate.transaction.jta.platform' to enable JTA platform integration)
2025-07-26 11:43:33,093 INFO o.s.o.j.AbstractEntityManagerFactoryBean {buildNativeEntityManagerFactory} [main] Initialized JPA EntityManagerFactory for persistence unit 'default'
2025-07-26 11:43:33,409 WARN o.s.b.a.o.j.JpaBaseConfiguration$JpaWebConfiguration {openEntityManagerInViewInterceptor} [main] spring.jpa.open-in-view is enabled by default. Therefore, database queries may be performed during view rendering. Explicitly configure spring.jpa.open-in-view to disable this warning
2025-07-26 11:43:33,610 INFO o.s.b.a.h.H2ConsoleAutoConfiguration$H2ConsoleLogger {log} [main] H2 console available at '/h2-console'. Database available at 'jdbc:h2:file:~/apiplant.db'
2025-07-26 11:43:33,649 INFO o.a.j.l.DirectJDKLog {log} [main] Starting ProtocolHandler ["http-nio-8080"]
2025-07-26 11:43:33,665 INFO o.s.b.w.e.t.TomcatWebServer {start} [main] Tomcat started on port 8080 (http) with context path '/'
2025-07-26 11:43:33,671 INFO o.s.b.StartupInfoLogger {logStarted} [main] Started ApiPlantApplication in 3.169 seconds (process running for 3.386)
2025-07-26 11:43:36,889 INFO o.a.j.l.DirectJDKLog {log} [http-nio-8080-exec-1] Initializing Spring DispatcherServlet 'dispatcherServlet'
2025-07-26 11:43:36,890 INFO o.s.w.s.FrameworkServlet {initServletBean} [http-nio-8080-exec-1] Initializing Servlet 'dispatcherServlet'
2025-07-26 11:43:36,892 INFO o.s.w.s.FrameworkServlet {initServletBean} [http-nio-8080-exec-1] Completed initialization in 1 ms
2025-07-26 11:58:22,002 INFO o.s.b.w.e.t.GracefulShutdown {shutDownGracefully} [SpringApplicationShutdownHook] Commencing graceful shutdown. Waiting for active requests to complete
2025-07-26 11:58:22,073 INFO o.s.b.w.e.t.GracefulShutdown {doShutdown} [tomcat-shutdown] Graceful shutdown complete
2025-07-26 11:58:22,078 INFO o.s.o.j.AbstractEntityManagerFactoryBean {destroy} [SpringApplicationShutdownHook] Closing JPA EntityManagerFactory for persistence unit 'default'
2025-07-26 11:58:22,081 INFO c.z.h.HikariDataSource {close} [SpringApplicationShutdownHook] HikariPool-1 - Shutdown initiated...
2025-07-26 11:58:22,082 INFO c.z.h.HikariDataSource {close} [SpringApplicationShutdownHook] HikariPool-1 - Shutdown completed.
2025-07-26 11:58:30,172 INFO o.h.v.i.u.Version {<clinit>} [background-preinit] HV000001: Hibernate Validator 8.0.2.Final
2025-07-26 11:58:30,218 INFO o.s.b.StartupInfoLogger {logStarting} [main] Starting ApiPlantApplication using Java 17.0.12 with PID 16180 (C:\Users\maria\OneDrive\Desktop\ApiPlant\target\classes started by maria in C:\Users\maria\OneDrive\Desktop\ApiPlant)
2025-07-26 11:58:30,219 INFO o.s.b.SpringApplication {logStartupProfileInfo} [main] No active profile set, falling back to 1 default profile: "default"
2025-07-26 11:58:30,586 INFO o.s.d.r.c.RepositoryConfigurationDelegate {registerRepositoriesIn} [main] Bootstrapping Spring Data JPA repositories in DEFAULT mode.
2025-07-26 11:58:30,639 INFO o.s.d.r.c.RepositoryConfigurationDelegate {registerRepositoriesIn} [main] Finished Spring Data repository scanning in 45 ms. Found 5 JPA repository interfaces.
2025-07-26 11:58:30,988 INFO o.s.b.w.e.t.TomcatWebServer {initialize} [main] Tomcat initialized with port 8080 (http)
2025-07-26 11:58:30,999 INFO o.a.j.l.DirectJDKLog {log} [main] Initializing ProtocolHandler ["http-nio-8080"]
2025-07-26 11:58:31,000 INFO o.a.j.l.DirectJDKLog {log} [main] Starting service [Tomcat]
2025-07-26 11:58:31,001 INFO o.a.j.l.DirectJDKLog {log} [main] Starting Servlet engine: [Apache Tomcat/10.1.42]
2025-07-26 11:58:31,044 INFO o.a.j.l.DirectJDKLog {log} [main] Initializing Spring embedded WebApplicationContext
2025-07-26 11:58:31,045 INFO o.s.b.w.s.c.ServletWebServerApplicationContext {prepareWebApplicationContext} [main] Root WebApplicationContext: initialization completed in 799 ms
2025-07-26 11:58:31,154 INFO o.h.j.i.u.LogHelper {logPersistenceUnitInformation} [main] HHH000204: Processing PersistenceUnitInfo [name: default]
2025-07-26 11:58:31,185 INFO o.h.Version {logVersion} [main] HHH000412: Hibernate ORM core version 6.6.18.Final
2025-07-26 11:58:31,208 INFO o.h.c.i.RegionFactoryInitiator {initiateService} [main] HHH000026: Second-level cache disabled
2025-07-26 11:58:31,391 INFO o.s.o.j.p.SpringPersistenceUnitInfo {addTransformer} [main] No LoadTimeWeaver setup: ignoring JPA class transformer
2025-07-26 11:58:31,413 INFO c.z.h.HikariDataSource {getConnection} [main] HikariPool-1 - Starting...
2025-07-26 11:58:31,577 INFO c.z.h.p.HikariPool {checkFailFast} [main] HikariPool-1 - Added connection conn0: url=jdbc:h2:file:~/apiplant.db user=SA
2025-07-26 11:58:31,579 INFO c.z.h.HikariDataSource {getConnection} [main] HikariPool-1 - Start completed.
2025-07-26 11:58:31,596 WARN o.h.e.j.d.i.DialectFactoryImpl {constructDialect} [main] HHH90000025: H2Dialect does not need to be specified explicitly using 'hibernate.dialect' (remove the property setting and it will be selected by default)
2025-07-26 11:58:31,616 INFO o.h.e.j.e.i.JdbcEnvironmentInitiator {logConnectionInfo} [main] HHH10001005: Database info:
	Database JDBC URL [Connecting through datasource 'HikariDataSource (HikariPool-1)']
	Database driver: undefined/unknown
	Database version: 2.3.232
	Autocommit mode: undefined/unknown
	Isolation level: undefined/unknown
	Minimum pool size: undefined/unknown
	Maximum pool size: undefined/unknown
2025-07-26 11:58:32,296 INFO o.h.e.t.j.p.i.JtaPlatformInitiator {initiateService} [main] HHH000489: No JTA platform available (set 'hibernate.transaction.jta.platform' to enable JTA platform integration)
2025-07-26 11:58:32,343 INFO o.s.o.j.AbstractEntityManagerFactoryBean {buildNativeEntityManagerFactory} [main] Initialized JPA EntityManagerFactory for persistence unit 'default'
2025-07-26 11:58:32,639 WARN o.s.b.a.o.j.JpaBaseConfiguration$JpaWebConfiguration {openEntityManagerInViewInterceptor} [main] spring.jpa.open-in-view is enabled by default. Therefore, database queries may be performed during view rendering. Explicitly configure spring.jpa.open-in-view to disable this warning
2025-07-26 11:58:32,824 INFO o.s.b.a.h.H2ConsoleAutoConfiguration$H2ConsoleLogger {log} [main] H2 console available at '/h2-console'. Database available at 'jdbc:h2:file:~/apiplant.db'
2025-07-26 11:58:32,857 INFO o.a.j.l.DirectJDKLog {log} [main] Starting ProtocolHandler ["http-nio-8080"]
2025-07-26 11:58:32,873 INFO o.s.b.w.e.t.TomcatWebServer {start} [main] Tomcat started on port 8080 (http) with context path '/'
2025-07-26 11:58:32,880 INFO o.s.b.StartupInfoLogger {logStarted} [main] Started ApiPlantApplication in 2.996 seconds (process running for 3.191)
2025-07-26 11:58:48,961 INFO o.a.j.l.DirectJDKLog {log} [http-nio-8080-exec-1] Initializing Spring DispatcherServlet 'dispatcherServlet'
2025-07-26 11:58:48,961 INFO o.s.w.s.FrameworkServlet {initServletBean} [http-nio-8080-exec-1] Initializing Servlet 'dispatcherServlet'
2025-07-26 11:58:48,963 INFO o.s.w.s.FrameworkServlet {initServletBean} [http-nio-8080-exec-1] Completed initialization in 0 ms
2025-07-26 12:00:09,625 INFO o.s.b.w.e.t.GracefulShutdown {shutDownGracefully} [SpringApplicationShutdownHook] Commencing graceful shutdown. Waiting for active requests to complete
2025-07-26 12:00:09,696 INFO o.s.b.w.e.t.GracefulShutdown {doShutdown} [tomcat-shutdown] Graceful shutdown complete
2025-07-26 12:00:09,699 INFO o.s.o.j.AbstractEntityManagerFactoryBean {destroy} [SpringApplicationShutdownHook] Closing JPA EntityManagerFactory for persistence unit 'default'
2025-07-26 12:00:09,702 INFO c.z.h.HikariDataSource {close} [SpringApplicationShutdownHook] HikariPool-1 - Shutdown initiated...
2025-07-26 12:00:09,704 INFO c.z.h.HikariDataSource {close} [SpringApplicationShutdownHook] HikariPool-1 - Shutdown completed.
2025-07-26 12:00:18,110 INFO o.h.v.i.u.Version {<clinit>} [background-preinit] HV000001: Hibernate Validator 8.0.2.Final
2025-07-26 12:00:18,153 INFO o.s.b.StartupInfoLogger {logStarting} [main] Starting ApiPlantApplication using Java 17.0.12 with PID 20852 (C:\Users\maria\OneDrive\Desktop\ApiPlant\target\classes started by maria in C:\Users\maria\OneDrive\Desktop\ApiPlant)
2025-07-26 12:00:18,154 INFO o.s.b.SpringApplication {logStartupProfileInfo} [main] No active profile set, falling back to 1 default profile: "default"
2025-07-26 12:00:18,549 INFO o.s.d.r.c.RepositoryConfigurationDelegate {registerRepositoriesIn} [main] Bootstrapping Spring Data JPA repositories in DEFAULT mode.
2025-07-26 12:00:18,597 INFO o.s.d.r.c.RepositoryConfigurationDelegate {registerRepositoriesIn} [main] Finished Spring Data repository scanning in 41 ms. Found 5 JPA repository interfaces.
2025-07-26 12:00:18,969 INFO o.s.b.w.e.t.TomcatWebServer {initialize} [main] Tomcat initialized with port 8080 (http)
2025-07-26 12:00:18,978 INFO o.a.j.l.DirectJDKLog {log} [main] Initializing ProtocolHandler ["http-nio-8080"]
2025-07-26 12:00:18,981 INFO o.a.j.l.DirectJDKLog {log} [main] Starting service [Tomcat]
2025-07-26 12:00:18,982 INFO o.a.j.l.DirectJDKLog {log} [main] Starting Servlet engine: [Apache Tomcat/10.1.42]
2025-07-26 12:00:19,023 INFO o.a.j.l.DirectJDKLog {log} [main] Initializing Spring embedded WebApplicationContext
2025-07-26 12:00:19,024 INFO o.s.b.w.s.c.ServletWebServerApplicationContext {prepareWebApplicationContext} [main] Root WebApplicationContext: initialization completed in 842 ms
2025-07-26 12:00:19,123 INFO o.h.j.i.u.LogHelper {logPersistenceUnitInformation} [main] HHH000204: Processing PersistenceUnitInfo [name: default]
2025-07-26 12:00:19,161 INFO o.h.Version {logVersion} [main] HHH000412: Hibernate ORM core version 6.6.18.Final
2025-07-26 12:00:19,194 INFO o.h.c.i.RegionFactoryInitiator {initiateService} [main] HHH000026: Second-level cache disabled
2025-07-26 12:00:19,383 INFO o.s.o.j.p.SpringPersistenceUnitInfo {addTransformer} [main] No LoadTimeWeaver setup: ignoring JPA class transformer
2025-07-26 12:00:19,411 INFO c.z.h.HikariDataSource {getConnection} [main] HikariPool-1 - Starting...
2025-07-26 12:00:19,584 INFO c.z.h.p.HikariPool {checkFailFast} [main] HikariPool-1 - Added connection conn0: url=jdbc:h2:file:~/apiplant.db user=SA
2025-07-26 12:00:19,586 INFO c.z.h.HikariDataSource {getConnection} [main] HikariPool-1 - Start completed.
2025-07-26 12:00:19,602 WARN o.h.e.j.d.i.DialectFactoryImpl {constructDialect} [main] HHH90000025: H2Dialect does not need to be specified explicitly using 'hibernate.dialect' (remove the property setting and it will be selected by default)
2025-07-26 12:00:19,622 INFO o.h.e.j.e.i.JdbcEnvironmentInitiator {logConnectionInfo} [main] HHH10001005: Database info:
	Database JDBC URL [Connecting through datasource 'HikariDataSource (HikariPool-1)']
	Database driver: undefined/unknown
	Database version: 2.3.232
	Autocommit mode: undefined/unknown
	Isolation level: undefined/unknown
	Minimum pool size: undefined/unknown
	Maximum pool size: undefined/unknown
2025-07-26 12:00:20,327 INFO o.h.e.t.j.p.i.JtaPlatformInitiator {initiateService} [main] HHH000489: No JTA platform available (set 'hibernate.transaction.jta.platform' to enable JTA platform integration)
2025-07-26 12:00:20,381 INFO o.s.o.j.AbstractEntityManagerFactoryBean {buildNativeEntityManagerFactory} [main] Initialized JPA EntityManagerFactory for persistence unit 'default'
2025-07-26 12:00:20,678 WARN o.s.b.a.o.j.JpaBaseConfiguration$JpaWebConfiguration {openEntityManagerInViewInterceptor} [main] spring.jpa.open-in-view is enabled by default. Therefore, database queries may be performed during view rendering. Explicitly configure spring.jpa.open-in-view to disable this warning
2025-07-26 12:00:20,866 INFO o.s.b.a.h.H2ConsoleAutoConfiguration$H2ConsoleLogger {log} [main] H2 console available at '/h2-console'. Database available at 'jdbc:h2:file:~/apiplant.db'
2025-07-26 12:00:20,907 INFO o.a.j.l.DirectJDKLog {log} [main] Starting ProtocolHandler ["http-nio-8080"]
2025-07-26 12:00:20,923 INFO o.s.b.w.e.t.TomcatWebServer {start} [main] Tomcat started on port 8080 (http) with context path '/'
2025-07-26 12:00:20,929 INFO o.s.b.StartupInfoLogger {logStarted} [main] Started ApiPlantApplication in 3.117 seconds (process running for 3.341)
2025-07-26 12:00:24,841 INFO o.a.j.l.DirectJDKLog {log} [http-nio-8080-exec-1] Initializing Spring DispatcherServlet 'dispatcherServlet'
2025-07-26 12:00:24,842 INFO o.s.w.s.FrameworkServlet {initServletBean} [http-nio-8080-exec-1] Initializing Servlet 'dispatcherServlet'
2025-07-26 12:00:24,843 INFO o.s.w.s.FrameworkServlet {initServletBean} [http-nio-8080-exec-1] Completed initialization in 1 ms
2025-07-26 12:02:48,458 INFO o.s.b.w.e.t.GracefulShutdown {shutDownGracefully} [SpringApplicationShutdownHook] Commencing graceful shutdown. Waiting for active requests to complete
2025-07-26 12:02:48,536 INFO o.s.b.w.e.t.GracefulShutdown {doShutdown} [tomcat-shutdown] Graceful shutdown complete
2025-07-26 12:02:48,540 INFO o.s.o.j.AbstractEntityManagerFactoryBean {destroy} [SpringApplicationShutdownHook] Closing JPA EntityManagerFactory for persistence unit 'default'
2025-07-26 12:02:48,542 INFO c.z.h.HikariDataSource {close} [SpringApplicationShutdownHook] HikariPool-1 - Shutdown initiated...
2025-07-26 12:02:48,543 INFO c.z.h.HikariDataSource {close} [SpringApplicationShutdownHook] HikariPool-1 - Shutdown completed.
2025-07-26 12:03:08,375 INFO o.h.v.i.u.Version {<clinit>} [background-preinit] HV000001: Hibernate Validator 8.0.2.Final
2025-07-26 12:03:08,422 INFO o.s.b.StartupInfoLogger {logStarting} [main] Starting ApiPlantApplication using Java 17.0.12 with PID 12760 (C:\Users\maria\OneDrive\Desktop\ApiPlant\target\classes started by maria in C:\Users\maria\OneDrive\Desktop\ApiPlant)
2025-07-26 12:03:08,423 INFO o.s.b.SpringApplication {logStartupProfileInfo} [main] No active profile set, falling back to 1 default profile: "default"
2025-07-26 12:03:08,846 INFO o.s.d.r.c.RepositoryConfigurationDelegate {registerRepositoriesIn} [main] Bootstrapping Spring Data JPA repositories in DEFAULT mode.
2025-07-26 12:03:08,896 INFO o.s.d.r.c.RepositoryConfigurationDelegate {registerRepositoriesIn} [main] Finished Spring Data repository scanning in 42 ms. Found 5 JPA repository interfaces.
2025-07-26 12:03:09,282 INFO o.s.b.w.e.t.TomcatWebServer {initialize} [main] Tomcat initialized with port 8080 (http)
2025-07-26 12:03:09,295 INFO o.a.j.l.DirectJDKLog {log} [main] Initializing ProtocolHandler ["http-nio-8080"]
2025-07-26 12:03:09,297 INFO o.a.j.l.DirectJDKLog {log} [main] Starting service [Tomcat]
2025-07-26 12:03:09,297 INFO o.a.j.l.DirectJDKLog {log} [main] Starting Servlet engine: [Apache Tomcat/10.1.42]
2025-07-26 12:03:09,339 INFO o.a.j.l.DirectJDKLog {log} [main] Initializing Spring embedded WebApplicationContext
2025-07-26 12:03:09,340 INFO o.s.b.w.s.c.ServletWebServerApplicationContext {prepareWebApplicationContext} [main] Root WebApplicationContext: initialization completed in 886 ms
2025-07-26 12:03:09,441 INFO o.h.j.i.u.LogHelper {logPersistenceUnitInformation} [main] HHH000204: Processing PersistenceUnitInfo [name: default]
2025-07-26 12:03:09,477 INFO o.h.Version {logVersion} [main] HHH000412: Hibernate ORM core version 6.6.18.Final
2025-07-26 12:03:09,501 INFO o.h.c.i.RegionFactoryInitiator {initiateService} [main] HHH000026: Second-level cache disabled
2025-07-26 12:03:09,687 INFO o.s.o.j.p.SpringPersistenceUnitInfo {addTransformer} [main] No LoadTimeWeaver setup: ignoring JPA class transformer
2025-07-26 12:03:09,709 INFO c.z.h.HikariDataSource {getConnection} [main] HikariPool-1 - Starting...
2025-07-26 12:03:09,896 INFO c.z.h.p.HikariPool {checkFailFast} [main] HikariPool-1 - Added connection conn0: url=jdbc:h2:file:~/apiplant.db user=SA
2025-07-26 12:03:09,898 INFO c.z.h.HikariDataSource {getConnection} [main] HikariPool-1 - Start completed.
2025-07-26 12:03:09,916 WARN o.h.e.j.d.i.DialectFactoryImpl {constructDialect} [main] HHH90000025: H2Dialect does not need to be specified explicitly using 'hibernate.dialect' (remove the property setting and it will be selected by default)
2025-07-26 12:03:09,933 INFO o.h.e.j.e.i.JdbcEnvironmentInitiator {logConnectionInfo} [main] HHH10001005: Database info:
	Database JDBC URL [Connecting through datasource 'HikariDataSource (HikariPool-1)']
	Database driver: undefined/unknown
	Database version: 2.3.232
	Autocommit mode: undefined/unknown
	Isolation level: undefined/unknown
	Minimum pool size: undefined/unknown
	Maximum pool size: undefined/unknown
2025-07-26 12:03:10,655 INFO o.h.e.t.j.p.i.JtaPlatformInitiator {initiateService} [main] HHH000489: No JTA platform available (set 'hibernate.transaction.jta.platform' to enable JTA platform integration)
2025-07-26 12:03:10,706 INFO o.s.o.j.AbstractEntityManagerFactoryBean {buildNativeEntityManagerFactory} [main] Initialized JPA EntityManagerFactory for persistence unit 'default'
2025-07-26 12:03:11,024 WARN o.s.b.a.o.j.JpaBaseConfiguration$JpaWebConfiguration {openEntityManagerInViewInterceptor} [main] spring.jpa.open-in-view is enabled by default. Therefore, database queries may be performed during view rendering. Explicitly configure spring.jpa.open-in-view to disable this warning
2025-07-26 12:03:11,214 INFO o.s.b.a.h.H2ConsoleAutoConfiguration$H2ConsoleLogger {log} [main] H2 console available at '/h2-console'. Database available at 'jdbc:h2:file:~/apiplant.db'
2025-07-26 12:03:11,250 INFO o.a.j.l.DirectJDKLog {log} [main] Starting ProtocolHandler ["http-nio-8080"]
2025-07-26 12:03:11,270 INFO o.s.b.w.e.t.TomcatWebServer {start} [main] Tomcat started on port 8080 (http) with context path '/'
2025-07-26 12:03:11,277 INFO o.s.b.StartupInfoLogger {logStarted} [main] Started ApiPlantApplication in 3.205 seconds (process running for 3.408)
2025-07-26 12:03:16,804 INFO o.a.j.l.DirectJDKLog {log} [http-nio-8080-exec-1] Initializing Spring DispatcherServlet 'dispatcherServlet'
2025-07-26 12:03:16,804 INFO o.s.w.s.FrameworkServlet {initServletBean} [http-nio-8080-exec-1] Initializing Servlet 'dispatcherServlet'
2025-07-26 12:03:16,805 INFO o.s.w.s.FrameworkServlet {initServletBean} [http-nio-8080-exec-1] Completed initialization in 0 ms
2025-07-26 12:04:07,033 INFO o.s.b.w.e.t.GracefulShutdown {shutDownGracefully} [SpringApplicationShutdownHook] Commencing graceful shutdown. Waiting for active requests to complete
2025-07-26 12:04:07,103 INFO o.s.b.w.e.t.GracefulShutdown {doShutdown} [tomcat-shutdown] Graceful shutdown complete
2025-07-26 12:04:07,107 INFO o.s.o.j.AbstractEntityManagerFactoryBean {destroy} [SpringApplicationShutdownHook] Closing JPA EntityManagerFactory for persistence unit 'default'
2025-07-26 12:04:07,110 INFO c.z.h.HikariDataSource {close} [SpringApplicationShutdownHook] HikariPool-1 - Shutdown initiated...
2025-07-26 12:04:07,112 INFO c.z.h.HikariDataSource {close} [SpringApplicationShutdownHook] HikariPool-1 - Shutdown completed.
2025-07-26 12:04:15,046 INFO o.h.v.i.u.Version {<clinit>} [background-preinit] HV000001: Hibernate Validator 8.0.2.Final
2025-07-26 12:04:15,093 INFO o.s.b.StartupInfoLogger {logStarting} [main] Starting ApiPlantApplication using Java 17.0.12 with PID 22152 (C:\Users\maria\OneDrive\Desktop\ApiPlant\target\classes started by maria in C:\Users\maria\OneDrive\Desktop\ApiPlant)
2025-07-26 12:04:15,094 INFO o.s.b.SpringApplication {logStartupProfileInfo} [main] No active profile set, falling back to 1 default profile: "default"
2025-07-26 12:04:15,506 INFO o.s.d.r.c.RepositoryConfigurationDelegate {registerRepositoriesIn} [main] Bootstrapping Spring Data JPA repositories in DEFAULT mode.
2025-07-26 12:04:15,562 INFO o.s.d.r.c.RepositoryConfigurationDelegate {registerRepositoriesIn} [main] Finished Spring Data repository scanning in 47 ms. Found 5 JPA repository interfaces.
2025-07-26 12:04:15,964 INFO o.s.b.w.e.t.TomcatWebServer {initialize} [main] Tomcat initialized with port 8080 (http)
2025-07-26 12:04:15,975 INFO o.a.j.l.DirectJDKLog {log} [main] Initializing ProtocolHandler ["http-nio-8080"]
2025-07-26 12:04:15,978 INFO o.a.j.l.DirectJDKLog {log} [main] Starting service [Tomcat]
2025-07-26 12:04:15,978 INFO o.a.j.l.DirectJDKLog {log} [main] Starting Servlet engine: [Apache Tomcat/10.1.42]
2025-07-26 12:04:16,022 INFO o.a.j.l.DirectJDKLog {log} [main] Initializing Spring embedded WebApplicationContext
2025-07-26 12:04:16,024 INFO o.s.b.w.s.c.ServletWebServerApplicationContext {prepareWebApplicationContext} [main] Root WebApplicationContext: initialization completed in 903 ms
2025-07-26 12:04:16,130 INFO o.h.j.i.u.LogHelper {logPersistenceUnitInformation} [main] HHH000204: Processing PersistenceUnitInfo [name: default]
2025-07-26 12:04:16,169 INFO o.h.Version {logVersion} [main] HHH000412: Hibernate ORM core version 6.6.18.Final
2025-07-26 12:04:16,192 INFO o.h.c.i.RegionFactoryInitiator {initiateService} [main] HHH000026: Second-level cache disabled
2025-07-26 12:04:16,377 INFO o.s.o.j.p.SpringPersistenceUnitInfo {addTransformer} [main] No LoadTimeWeaver setup: ignoring JPA class transformer
2025-07-26 12:04:16,400 INFO c.z.h.HikariDataSource {getConnection} [main] HikariPool-1 - Starting...
2025-07-26 12:04:16,582 INFO c.z.h.p.HikariPool {checkFailFast} [main] HikariPool-1 - Added connection conn0: url=jdbc:h2:file:~/apiplant.db user=SA
2025-07-26 12:04:16,584 INFO c.z.h.HikariDataSource {getConnection} [main] HikariPool-1 - Start completed.
2025-07-26 12:04:16,601 WARN o.h.e.j.d.i.DialectFactoryImpl {constructDialect} [main] HHH90000025: H2Dialect does not need to be specified explicitly using 'hibernate.dialect' (remove the property setting and it will be selected by default)
2025-07-26 12:04:16,621 INFO o.h.e.j.e.i.JdbcEnvironmentInitiator {logConnectionInfo} [main] HHH10001005: Database info:
	Database JDBC URL [Connecting through datasource 'HikariDataSource (HikariPool-1)']
	Database driver: undefined/unknown
	Database version: 2.3.232
	Autocommit mode: undefined/unknown
	Isolation level: undefined/unknown
	Minimum pool size: undefined/unknown
	Maximum pool size: undefined/unknown
2025-07-26 12:04:17,369 INFO o.h.e.t.j.p.i.JtaPlatformInitiator {initiateService} [main] HHH000489: No JTA platform available (set 'hibernate.transaction.jta.platform' to enable JTA platform integration)
2025-07-26 12:04:17,424 INFO o.s.o.j.AbstractEntityManagerFactoryBean {buildNativeEntityManagerFactory} [main] Initialized JPA EntityManagerFactory for persistence unit 'default'
2025-07-26 12:04:17,813 WARN o.s.b.a.o.j.JpaBaseConfiguration$JpaWebConfiguration {openEntityManagerInViewInterceptor} [main] spring.jpa.open-in-view is enabled by default. Therefore, database queries may be performed during view rendering. Explicitly configure spring.jpa.open-in-view to disable this warning
2025-07-26 12:04:18,016 INFO o.s.b.a.h.H2ConsoleAutoConfiguration$H2ConsoleLogger {log} [main] H2 console available at '/h2-console'. Database available at 'jdbc:h2:file:~/apiplant.db'
2025-07-26 12:04:18,055 INFO o.a.j.l.DirectJDKLog {log} [main] Starting ProtocolHandler ["http-nio-8080"]
2025-07-26 12:04:18,075 INFO o.s.b.w.e.t.TomcatWebServer {start} [main] Tomcat started on port 8080 (http) with context path '/'
2025-07-26 12:04:18,082 INFO o.s.b.StartupInfoLogger {logStarted} [main] Started ApiPlantApplication in 3.339 seconds (process running for 3.547)
2025-07-26 12:04:41,680 INFO o.a.j.l.DirectJDKLog {log} [http-nio-8080-exec-1] Initializing Spring DispatcherServlet 'dispatcherServlet'
2025-07-26 12:04:41,680 INFO o.s.w.s.FrameworkServlet {initServletBean} [http-nio-8080-exec-1] Initializing Servlet 'dispatcherServlet'
2025-07-26 12:04:41,682 INFO o.s.w.s.FrameworkServlet {initServletBean} [http-nio-8080-exec-1] Completed initialization in 1 ms
2025-07-26 12:16:13,236 INFO o.s.b.w.e.t.GracefulShutdown {shutDownGracefully} [SpringApplicationShutdownHook] Commencing graceful shutdown. Waiting for active requests to complete
2025-07-26 12:16:13,317 INFO o.s.b.w.e.t.GracefulShutdown {doShutdown} [tomcat-shutdown] Graceful shutdown complete
2025-07-26 12:16:13,321 INFO o.s.o.j.AbstractEntityManagerFactoryBean {destroy} [SpringApplicationShutdownHook] Closing JPA EntityManagerFactory for persistence unit 'default'
2025-07-26 12:16:13,323 INFO c.z.h.HikariDataSource {close} [SpringApplicationShutdownHook] HikariPool-1 - Shutdown initiated...
2025-07-26 12:16:13,324 INFO c.z.h.HikariDataSource {close} [SpringApplicationShutdownHook] HikariPool-1 - Shutdown completed.
2025-07-26 12:16:24,276 INFO o.h.v.i.u.Version {<clinit>} [background-preinit] HV000001: Hibernate Validator 8.0.2.Final
2025-07-26 12:16:24,320 INFO o.s.b.StartupInfoLogger {logStarting} [main] Starting ApiPlantApplication using Java 17.0.12 with PID 19320 (C:\Users\maria\OneDrive\Desktop\ApiPlant\target\classes started by maria in C:\Users\maria\OneDrive\Desktop\ApiPlant)
2025-07-26 12:16:24,321 INFO o.s.b.SpringApplication {logStartupProfileInfo} [main] No active profile set, falling back to 1 default profile: "default"
2025-07-26 12:16:24,714 INFO o.s.d.r.c.RepositoryConfigurationDelegate {registerRepositoriesIn} [main] Bootstrapping Spring Data JPA repositories in DEFAULT mode.
2025-07-26 12:16:24,761 INFO o.s.d.r.c.RepositoryConfigurationDelegate {registerRepositoriesIn} [main] Finished Spring Data repository scanning in 40 ms. Found 5 JPA repository interfaces.
2025-07-26 12:16:25,138 INFO o.s.b.w.e.t.TomcatWebServer {initialize} [main] Tomcat initialized with port 8080 (http)
2025-07-26 12:16:25,149 INFO o.a.j.l.DirectJDKLog {log} [main] Initializing ProtocolHandler ["http-nio-8080"]
2025-07-26 12:16:25,151 INFO o.a.j.l.DirectJDKLog {log} [main] Starting service [Tomcat]
2025-07-26 12:16:25,152 INFO o.a.j.l.DirectJDKLog {log} [main] Starting Servlet engine: [Apache Tomcat/10.1.42]
2025-07-26 12:16:25,194 INFO o.a.j.l.DirectJDKLog {log} [main] Initializing Spring embedded WebApplicationContext
2025-07-26 12:16:25,196 INFO o.s.b.w.s.c.ServletWebServerApplicationContext {prepareWebApplicationContext} [main] Root WebApplicationContext: initialization completed in 843 ms
2025-07-26 12:16:25,299 INFO o.h.j.i.u.LogHelper {logPersistenceUnitInformation} [main] HHH000204: Processing PersistenceUnitInfo [name: default]
2025-07-26 12:16:25,333 INFO o.h.Version {logVersion} [main] HHH000412: Hibernate ORM core version 6.6.18.Final
2025-07-26 12:16:25,355 INFO o.h.c.i.RegionFactoryInitiator {initiateService} [main] HHH000026: Second-level cache disabled
2025-07-26 12:16:25,544 INFO o.s.o.j.p.SpringPersistenceUnitInfo {addTransformer} [main] No LoadTimeWeaver setup: ignoring JPA class transformer
2025-07-26 12:16:25,563 INFO c.z.h.HikariDataSource {getConnection} [main] HikariPool-1 - Starting...
2025-07-26 12:16:25,734 INFO c.z.h.p.HikariPool {checkFailFast} [main] HikariPool-1 - Added connection conn0: url=jdbc:h2:file:~/apiplant.db user=SA
2025-07-26 12:16:25,736 INFO c.z.h.HikariDataSource {getConnection} [main] HikariPool-1 - Start completed.
2025-07-26 12:16:25,751 WARN o.h.e.j.d.i.DialectFactoryImpl {constructDialect} [main] HHH90000025: H2Dialect does not need to be specified explicitly using 'hibernate.dialect' (remove the property setting and it will be selected by default)
2025-07-26 12:16:25,769 INFO o.h.e.j.e.i.JdbcEnvironmentInitiator {logConnectionInfo} [main] HHH10001005: Database info:
	Database JDBC URL [Connecting through datasource 'HikariDataSource (HikariPool-1)']
	Database driver: undefined/unknown
	Database version: 2.3.232
	Autocommit mode: undefined/unknown
	Isolation level: undefined/unknown
	Minimum pool size: undefined/unknown
	Maximum pool size: undefined/unknown
2025-07-26 12:16:26,473 INFO o.h.e.t.j.p.i.JtaPlatformInitiator {initiateService} [main] HHH000489: No JTA platform available (set 'hibernate.transaction.jta.platform' to enable JTA platform integration)
2025-07-26 12:16:26,520 INFO o.s.o.j.AbstractEntityManagerFactoryBean {buildNativeEntityManagerFactory} [main] Initialized JPA EntityManagerFactory for persistence unit 'default'
2025-07-26 12:16:26,824 WARN o.s.b.a.o.j.JpaBaseConfiguration$JpaWebConfiguration {openEntityManagerInViewInterceptor} [main] spring.jpa.open-in-view is enabled by default. Therefore, database queries may be performed during view rendering. Explicitly configure spring.jpa.open-in-view to disable this warning
2025-07-26 12:16:27,015 INFO o.s.b.a.h.H2ConsoleAutoConfiguration$H2ConsoleLogger {log} [main] H2 console available at '/h2-console'. Database available at 'jdbc:h2:file:~/apiplant.db'
2025-07-26 12:16:27,054 INFO o.a.j.l.DirectJDKLog {log} [main] Starting ProtocolHandler ["http-nio-8080"]
2025-07-26 12:16:27,075 INFO o.s.b.w.e.t.TomcatWebServer {start} [main] Tomcat started on port 8080 (http) with context path '/'
2025-07-26 12:16:27,083 INFO o.s.b.StartupInfoLogger {logStarted} [main] Started ApiPlantApplication in 3.099 seconds (process running for 3.299)
2025-07-26 12:17:12,489 INFO o.a.j.l.DirectJDKLog {log} [http-nio-8080-exec-1] Initializing Spring DispatcherServlet 'dispatcherServlet'
2025-07-26 12:17:12,489 INFO o.s.w.s.FrameworkServlet {initServletBean} [http-nio-8080-exec-1] Initializing Servlet 'dispatcherServlet'
2025-07-26 12:17:12,491 INFO o.s.w.s.FrameworkServlet {initServletBean} [http-nio-8080-exec-1] Completed initialization in 1 ms
2025-07-26 12:23:56,230 INFO o.s.b.w.e.t.GracefulShutdown {shutDownGracefully} [SpringApplicationShutdownHook] Commencing graceful shutdown. Waiting for active requests to complete
2025-07-26 12:23:56,301 INFO o.s.b.w.e.t.GracefulShutdown {doShutdown} [tomcat-shutdown] Graceful shutdown complete
2025-07-26 12:23:56,304 INFO o.s.o.j.AbstractEntityManagerFactoryBean {destroy} [SpringApplicationShutdownHook] Closing JPA EntityManagerFactory for persistence unit 'default'
2025-07-26 12:23:56,306 INFO c.z.h.HikariDataSource {close} [SpringApplicationShutdownHook] HikariPool-1 - Shutdown initiated...
2025-07-26 12:23:56,308 INFO c.z.h.HikariDataSource {close} [SpringApplicationShutdownHook] HikariPool-1 - Shutdown completed.
2025-07-26 12:24:04,873 INFO o.h.v.i.u.Version {<clinit>} [background-preinit] HV000001: Hibernate Validator 8.0.2.Final
2025-07-26 12:24:04,917 INFO o.s.b.StartupInfoLogger {logStarting} [main] Starting ApiPlantApplication using Java 17.0.12 with PID 5168 (C:\Users\maria\OneDrive\Desktop\ApiPlant\target\classes started by maria in C:\Users\maria\OneDrive\Desktop\ApiPlant)
2025-07-26 12:24:04,919 INFO o.s.b.SpringApplication {logStartupProfileInfo} [main] No active profile set, falling back to 1 default profile: "default"
2025-07-26 12:24:05,356 INFO o.s.d.r.c.RepositoryConfigurationDelegate {registerRepositoriesIn} [main] Bootstrapping Spring Data JPA repositories in DEFAULT mode.
2025-07-26 12:24:05,407 INFO o.s.d.r.c.RepositoryConfigurationDelegate {registerRepositoriesIn} [main] Finished Spring Data repository scanning in 42 ms. Found 5 JPA repository interfaces.
2025-07-26 12:24:05,794 INFO o.s.b.w.e.t.TomcatWebServer {initialize} [main] Tomcat initialized with port 8080 (http)
2025-07-26 12:24:05,803 INFO o.a.j.l.DirectJDKLog {log} [main] Initializing ProtocolHandler ["http-nio-8080"]
2025-07-26 12:24:05,807 INFO o.a.j.l.DirectJDKLog {log} [main] Starting service [Tomcat]
2025-07-26 12:24:05,807 INFO o.a.j.l.DirectJDKLog {log} [main] Starting Servlet engine: [Apache Tomcat/10.1.42]
2025-07-26 12:24:05,851 INFO o.a.j.l.DirectJDKLog {log} [main] Initializing Spring embedded WebApplicationContext
2025-07-26 12:24:05,853 INFO o.s.b.w.s.c.ServletWebServerApplicationContext {prepareWebApplicationContext} [main] Root WebApplicationContext: initialization completed in 901 ms
2025-07-26 12:24:05,958 INFO o.h.j.i.u.LogHelper {logPersistenceUnitInformation} [main] HHH000204: Processing PersistenceUnitInfo [name: default]
2025-07-26 12:24:05,992 INFO o.h.Version {logVersion} [main] HHH000412: Hibernate ORM core version 6.6.18.Final
2025-07-26 12:24:06,017 INFO o.h.c.i.RegionFactoryInitiator {initiateService} [main] HHH000026: Second-level cache disabled
2025-07-26 12:24:06,201 INFO o.s.o.j.p.SpringPersistenceUnitInfo {addTransformer} [main] No LoadTimeWeaver setup: ignoring JPA class transformer
2025-07-26 12:24:06,220 INFO c.z.h.HikariDataSource {getConnection} [main] HikariPool-1 - Starting...
2025-07-26 12:24:06,393 INFO c.z.h.p.HikariPool {checkFailFast} [main] HikariPool-1 - Added connection conn0: url=jdbc:h2:file:~/apiplant.db user=SA
2025-07-26 12:24:06,394 INFO c.z.h.HikariDataSource {getConnection} [main] HikariPool-1 - Start completed.
2025-07-26 12:24:06,412 WARN o.h.e.j.d.i.DialectFactoryImpl {constructDialect} [main] HHH90000025: H2Dialect does not need to be specified explicitly using 'hibernate.dialect' (remove the property setting and it will be selected by default)
2025-07-26 12:24:06,430 INFO o.h.e.j.e.i.JdbcEnvironmentInitiator {logConnectionInfo} [main] HHH10001005: Database info:
	Database JDBC URL [Connecting through datasource 'HikariDataSource (HikariPool-1)']
	Database driver: undefined/unknown
	Database version: 2.3.232
	Autocommit mode: undefined/unknown
	Isolation level: undefined/unknown
	Minimum pool size: undefined/unknown
	Maximum pool size: undefined/unknown
2025-07-26 12:24:07,155 INFO o.h.e.t.j.p.i.JtaPlatformInitiator {initiateService} [main] HHH000489: No JTA platform available (set 'hibernate.transaction.jta.platform' to enable JTA platform integration)
2025-07-26 12:24:07,203 INFO o.s.o.j.AbstractEntityManagerFactoryBean {buildNativeEntityManagerFactory} [main] Initialized JPA EntityManagerFactory for persistence unit 'default'
2025-07-26 12:24:07,513 WARN o.s.b.a.o.j.JpaBaseConfiguration$JpaWebConfiguration {openEntityManagerInViewInterceptor} [main] spring.jpa.open-in-view is enabled by default. Therefore, database queries may be performed during view rendering. Explicitly configure spring.jpa.open-in-view to disable this warning
2025-07-26 12:24:07,709 INFO o.s.b.a.h.H2ConsoleAutoConfiguration$H2ConsoleLogger {log} [main] H2 console available at '/h2-console'. Database available at 'jdbc:h2:file:~/apiplant.db'
2025-07-26 12:24:07,747 INFO o.a.j.l.DirectJDKLog {log} [main] Starting ProtocolHandler ["http-nio-8080"]
2025-07-26 12:24:07,762 INFO o.s.b.w.e.t.TomcatWebServer {start} [main] Tomcat started on port 8080 (http) with context path '/'
2025-07-26 12:24:07,770 INFO o.s.b.StartupInfoLogger {logStarted} [main] Started ApiPlantApplication in 3.189 seconds (process running for 3.393)
2025-07-26 12:24:12,926 INFO o.a.j.l.DirectJDKLog {log} [http-nio-8080-exec-1] Initializing Spring DispatcherServlet 'dispatcherServlet'
2025-07-26 12:24:12,926 INFO o.s.w.s.FrameworkServlet {initServletBean} [http-nio-8080-exec-1] Initializing Servlet 'dispatcherServlet'
2025-07-26 12:24:12,927 INFO o.s.w.s.FrameworkServlet {initServletBean} [http-nio-8080-exec-1] Completed initialization in 1 ms
2025-07-26 12:32:31,881 INFO o.s.b.w.e.t.GracefulShutdown {shutDownGracefully} [SpringApplicationShutdownHook] Commencing graceful shutdown. Waiting for active requests to complete
2025-07-26 12:32:31,955 INFO o.s.b.w.e.t.GracefulShutdown {doShutdown} [tomcat-shutdown] Graceful shutdown complete
2025-07-26 12:32:31,958 INFO o.s.o.j.AbstractEntityManagerFactoryBean {destroy} [SpringApplicationShutdownHook] Closing JPA EntityManagerFactory for persistence unit 'default'
2025-07-26 12:32:31,960 INFO c.z.h.HikariDataSource {close} [SpringApplicationShutdownHook] HikariPool-1 - Shutdown initiated...
2025-07-26 12:32:31,961 INFO c.z.h.HikariDataSource {close} [SpringApplicationShutdownHook] HikariPool-1 - Shutdown completed.
2025-07-26 12:32:40,659 INFO o.h.v.i.u.Version {<clinit>} [background-preinit] HV000001: Hibernate Validator 8.0.2.Final
2025-07-26 12:32:40,711 INFO o.s.b.StartupInfoLogger {logStarting} [main] Starting ApiPlantApplication using Java 17.0.12 with PID 4032 (C:\Users\maria\OneDrive\Desktop\ApiPlant\target\classes started by maria in C:\Users\maria\OneDrive\Desktop\ApiPlant)
2025-07-26 12:32:40,713 INFO o.s.b.SpringApplication {logStartupProfileInfo} [main] No active profile set, falling back to 1 default profile: "default"
2025-07-26 12:32:41,106 INFO o.s.d.r.c.RepositoryConfigurationDelegate {registerRepositoriesIn} [main] Bootstrapping Spring Data JPA repositories in DEFAULT mode.
2025-07-26 12:32:41,162 INFO o.s.d.r.c.RepositoryConfigurationDelegate {registerRepositoriesIn} [main] Finished Spring Data repository scanning in 46 ms. Found 5 JPA repository interfaces.
2025-07-26 12:32:41,537 INFO o.s.b.w.e.t.TomcatWebServer {initialize} [main] Tomcat initialized with port 8080 (http)
2025-07-26 12:32:41,549 INFO o.a.j.l.DirectJDKLog {log} [main] Initializing ProtocolHandler ["http-nio-8080"]
2025-07-26 12:32:41,552 INFO o.a.j.l.DirectJDKLog {log} [main] Starting service [Tomcat]
2025-07-26 12:32:41,552 INFO o.a.j.l.DirectJDKLog {log} [main] Starting Servlet engine: [Apache Tomcat/10.1.42]
2025-07-26 12:32:41,595 INFO o.a.j.l.DirectJDKLog {log} [main] Initializing Spring embedded WebApplicationContext
2025-07-26 12:32:41,597 INFO o.s.b.w.s.c.ServletWebServerApplicationContext {prepareWebApplicationContext} [main] Root WebApplicationContext: initialization completed in 845 ms
2025-07-26 12:32:41,702 INFO o.h.j.i.u.LogHelper {logPersistenceUnitInformation} [main] HHH000204: Processing PersistenceUnitInfo [name: default]
2025-07-26 12:32:41,737 INFO o.h.Version {logVersion} [main] HHH000412: Hibernate ORM core version 6.6.18.Final
2025-07-26 12:32:41,762 INFO o.h.c.i.RegionFactoryInitiator {initiateService} [main] HHH000026: Second-level cache disabled
2025-07-26 12:32:41,943 INFO o.s.o.j.p.SpringPersistenceUnitInfo {addTransformer} [main] No LoadTimeWeaver setup: ignoring JPA class transformer
2025-07-26 12:32:41,964 INFO c.z.h.HikariDataSource {getConnection} [main] HikariPool-1 - Starting...
2025-07-26 12:32:42,129 INFO c.z.h.p.HikariPool {checkFailFast} [main] HikariPool-1 - Added connection conn0: url=jdbc:h2:file:~/apiplant.db user=SA
2025-07-26 12:32:42,131 INFO c.z.h.HikariDataSource {getConnection} [main] HikariPool-1 - Start completed.
2025-07-26 12:32:42,149 WARN o.h.e.j.d.i.DialectFactoryImpl {constructDialect} [main] HHH90000025: H2Dialect does not need to be specified explicitly using 'hibernate.dialect' (remove the property setting and it will be selected by default)
2025-07-26 12:32:42,167 INFO o.h.e.j.e.i.JdbcEnvironmentInitiator {logConnectionInfo} [main] HHH10001005: Database info:
	Database JDBC URL [Connecting through datasource 'HikariDataSource (HikariPool-1)']
	Database driver: undefined/unknown
	Database version: 2.3.232
	Autocommit mode: undefined/unknown
	Isolation level: undefined/unknown
	Minimum pool size: undefined/unknown
	Maximum pool size: undefined/unknown
2025-07-26 12:32:42,882 INFO o.h.e.t.j.p.i.JtaPlatformInitiator {initiateService} [main] HHH000489: No JTA platform available (set 'hibernate.transaction.jta.platform' to enable JTA platform integration)
2025-07-26 12:32:42,930 INFO o.s.o.j.AbstractEntityManagerFactoryBean {buildNativeEntityManagerFactory} [main] Initialized JPA EntityManagerFactory for persistence unit 'default'
2025-07-26 12:32:43,245 WARN o.s.b.a.o.j.JpaBaseConfiguration$JpaWebConfiguration {openEntityManagerInViewInterceptor} [main] spring.jpa.open-in-view is enabled by default. Therefore, database queries may be performed during view rendering. Explicitly configure spring.jpa.open-in-view to disable this warning
2025-07-26 12:32:43,427 INFO o.s.b.a.h.H2ConsoleAutoConfiguration$H2ConsoleLogger {log} [main] H2 console available at '/h2-console'. Database available at 'jdbc:h2:file:~/apiplant.db'
2025-07-26 12:32:43,464 INFO o.a.j.l.DirectJDKLog {log} [main] Starting ProtocolHandler ["http-nio-8080"]
2025-07-26 12:32:43,485 INFO o.s.b.w.e.t.TomcatWebServer {start} [main] Tomcat started on port 8080 (http) with context path '/'
2025-07-26 12:32:43,493 INFO o.s.b.StartupInfoLogger {logStarted} [main] Started ApiPlantApplication in 3.132 seconds (process running for 3.339)
2025-07-26 12:32:56,321 INFO o.a.j.l.DirectJDKLog {log} [http-nio-8080-exec-1] Initializing Spring DispatcherServlet 'dispatcherServlet'
2025-07-26 12:32:56,321 INFO o.s.w.s.FrameworkServlet {initServletBean} [http-nio-8080-exec-1] Initializing Servlet 'dispatcherServlet'
2025-07-26 12:32:56,322 INFO o.s.w.s.FrameworkServlet {initServletBean} [http-nio-8080-exec-1] Completed initialization in 0 ms
2025-07-26 12:33:27,259 INFO o.s.b.w.e.t.GracefulShutdown {shutDownGracefully} [SpringApplicationShutdownHook] Commencing graceful shutdown. Waiting for active requests to complete
2025-07-26 12:33:27,330 INFO o.s.b.w.e.t.GracefulShutdown {doShutdown} [tomcat-shutdown] Graceful shutdown complete
2025-07-26 12:33:27,334 INFO o.s.o.j.AbstractEntityManagerFactoryBean {destroy} [SpringApplicationShutdownHook] Closing JPA EntityManagerFactory for persistence unit 'default'
2025-07-26 12:33:27,337 INFO c.z.h.HikariDataSource {close} [SpringApplicationShutdownHook] HikariPool-1 - Shutdown initiated...
2025-07-26 12:33:27,338 INFO c.z.h.HikariDataSource {close} [SpringApplicationShutdownHook] HikariPool-1 - Shutdown completed.
2025-07-26 12:33:35,846 INFO o.h.v.i.u.Version {<clinit>} [background-preinit] HV000001: Hibernate Validator 8.0.2.Final
2025-07-26 12:33:35,898 INFO o.s.b.StartupInfoLogger {logStarting} [main] Starting ApiPlantApplication using Java 17.0.12 with PID 15444 (C:\Users\maria\OneDrive\Desktop\ApiPlant\target\classes started by maria in C:\Users\maria\OneDrive\Desktop\ApiPlant)
2025-07-26 12:33:35,899 INFO o.s.b.SpringApplication {logStartupProfileInfo} [main] No active profile set, falling back to 1 default profile: "default"
2025-07-26 12:33:36,297 INFO o.s.d.r.c.RepositoryConfigurationDelegate {registerRepositoriesIn} [main] Bootstrapping Spring Data JPA repositories in DEFAULT mode.
2025-07-26 12:33:36,351 INFO o.s.d.r.c.RepositoryConfigurationDelegate {registerRepositoriesIn} [main] Finished Spring Data repository scanning in 44 ms. Found 5 JPA repository interfaces.
2025-07-26 12:33:36,737 INFO o.s.b.w.e.t.TomcatWebServer {initialize} [main] Tomcat initialized with port 8080 (http)
2025-07-26 12:33:36,747 INFO o.a.j.l.DirectJDKLog {log} [main] Initializing ProtocolHandler ["http-nio-8080"]
2025-07-26 12:33:36,749 INFO o.a.j.l.DirectJDKLog {log} [main] Starting service [Tomcat]
2025-07-26 12:33:36,749 INFO o.a.j.l.DirectJDKLog {log} [main] Starting Servlet engine: [Apache Tomcat/10.1.42]
2025-07-26 12:33:36,797 INFO o.a.j.l.DirectJDKLog {log} [main] Initializing Spring embedded WebApplicationContext
2025-07-26 12:33:36,798 INFO o.s.b.w.s.c.ServletWebServerApplicationContext {prepareWebApplicationContext} [main] Root WebApplicationContext: initialization completed in 869 ms
2025-07-26 12:33:36,897 INFO o.h.j.i.u.LogHelper {logPersistenceUnitInformation} [main] HHH000204: Processing PersistenceUnitInfo [name: default]
2025-07-26 12:33:36,931 INFO o.h.Version {logVersion} [main] HHH000412: Hibernate ORM core version 6.6.18.Final
2025-07-26 12:33:36,954 INFO o.h.c.i.RegionFactoryInitiator {initiateService} [main] HHH000026: Second-level cache disabled
2025-07-26 12:33:37,141 INFO o.s.o.j.p.SpringPersistenceUnitInfo {addTransformer} [main] No LoadTimeWeaver setup: ignoring JPA class transformer
2025-07-26 12:33:37,163 INFO c.z.h.HikariDataSource {getConnection} [main] HikariPool-1 - Starting...
2025-07-26 12:33:37,342 INFO c.z.h.p.HikariPool {checkFailFast} [main] HikariPool-1 - Added connection conn0: url=jdbc:h2:file:~/apiplant.db user=SA
2025-07-26 12:33:37,344 INFO c.z.h.HikariDataSource {getConnection} [main] HikariPool-1 - Start completed.
2025-07-26 12:33:37,362 WARN o.h.e.j.d.i.DialectFactoryImpl {constructDialect} [main] HHH90000025: H2Dialect does not need to be specified explicitly using 'hibernate.dialect' (remove the property setting and it will be selected by default)
2025-07-26 12:33:37,381 INFO o.h.e.j.e.i.JdbcEnvironmentInitiator {logConnectionInfo} [main] HHH10001005: Database info:
	Database JDBC URL [Connecting through datasource 'HikariDataSource (HikariPool-1)']
	Database driver: undefined/unknown
	Database version: 2.3.232
	Autocommit mode: undefined/unknown
	Isolation level: undefined/unknown
	Minimum pool size: undefined/unknown
	Maximum pool size: undefined/unknown
2025-07-26 12:33:38,161 INFO o.h.e.t.j.p.i.JtaPlatformInitiator {initiateService} [main] HHH000489: No JTA platform available (set 'hibernate.transaction.jta.platform' to enable JTA platform integration)
2025-07-26 12:33:38,210 INFO o.s.o.j.AbstractEntityManagerFactoryBean {buildNativeEntityManagerFactory} [main] Initialized JPA EntityManagerFactory for persistence unit 'default'
2025-07-26 12:33:38,530 WARN o.s.b.a.o.j.JpaBaseConfiguration$JpaWebConfiguration {openEntityManagerInViewInterceptor} [main] spring.jpa.open-in-view is enabled by default. Therefore, database queries may be performed during view rendering. Explicitly configure spring.jpa.open-in-view to disable this warning
2025-07-26 12:33:38,721 INFO o.s.b.a.h.H2ConsoleAutoConfiguration$H2ConsoleLogger {log} [main] H2 console available at '/h2-console'. Database available at 'jdbc:h2:file:~/apiplant.db'
2025-07-26 12:33:38,761 INFO o.a.j.l.DirectJDKLog {log} [main] Starting ProtocolHandler ["http-nio-8080"]
2025-07-26 12:33:38,777 INFO o.s.b.w.e.t.TomcatWebServer {start} [main] Tomcat started on port 8080 (http) with context path '/'
2025-07-26 12:33:38,785 INFO o.s.b.StartupInfoLogger {logStarted} [main] Started ApiPlantApplication in 3.362 seconds (process running for 3.577)
2025-07-26 12:34:24,891 INFO o.s.b.w.e.t.GracefulShutdown {shutDownGracefully} [SpringApplicationShutdownHook] Commencing graceful shutdown. Waiting for active requests to complete
2025-07-26 12:34:24,964 INFO o.s.b.w.e.t.GracefulShutdown {doShutdown} [tomcat-shutdown] Graceful shutdown complete
2025-07-26 12:34:24,967 INFO o.s.o.j.AbstractEntityManagerFactoryBean {destroy} [SpringApplicationShutdownHook] Closing JPA EntityManagerFactory for persistence unit 'default'
2025-07-26 12:34:24,968 INFO c.z.h.HikariDataSource {close} [SpringApplicationShutdownHook] HikariPool-1 - Shutdown initiated...
2025-07-26 12:34:24,970 INFO c.z.h.HikariDataSource {close} [SpringApplicationShutdownHook] HikariPool-1 - Shutdown completed.
2025-07-26 12:34:33,908 INFO o.h.v.i.u.Version {<clinit>} [background-preinit] HV000001: Hibernate Validator 8.0.2.Final
2025-07-26 12:34:33,952 INFO o.s.b.StartupInfoLogger {logStarting} [main] Starting ApiPlantApplication using Java 17.0.12 with PID 8388 (C:\Users\maria\OneDrive\Desktop\ApiPlant\target\classes started by maria in C:\Users\maria\OneDrive\Desktop\ApiPlant)
2025-07-26 12:34:33,953 INFO o.s.b.SpringApplication {logStartupProfileInfo} [main] No active profile set, falling back to 1 default profile: "default"
2025-07-26 12:34:34,419 INFO o.s.d.r.c.RepositoryConfigurationDelegate {registerRepositoriesIn} [main] Bootstrapping Spring Data JPA repositories in DEFAULT mode.
2025-07-26 12:34:34,468 INFO o.s.d.r.c.RepositoryConfigurationDelegate {registerRepositoriesIn} [main] Finished Spring Data repository scanning in 42 ms. Found 5 JPA repository interfaces.
2025-07-26 12:34:34,869 INFO o.s.b.w.e.t.TomcatWebServer {initialize} [main] Tomcat initialized with port 8080 (http)
2025-07-26 12:34:34,880 INFO o.a.j.l.DirectJDKLog {log} [main] Initializing ProtocolHandler ["http-nio-8080"]
2025-07-26 12:34:34,882 INFO o.a.j.l.DirectJDKLog {log} [main] Starting service [Tomcat]
2025-07-26 12:34:34,882 INFO o.a.j.l.DirectJDKLog {log} [main] Starting Servlet engine: [Apache Tomcat/10.1.42]
2025-07-26 12:34:34,928 INFO o.a.j.l.DirectJDKLog {log} [main] Initializing Spring embedded WebApplicationContext
2025-07-26 12:34:34,929 INFO o.s.b.w.s.c.ServletWebServerApplicationContext {prepareWebApplicationContext} [main] Root WebApplicationContext: initialization completed in 939 ms
2025-07-26 12:34:35,032 INFO o.h.j.i.u.LogHelper {logPersistenceUnitInformation} [main] HHH000204: Processing PersistenceUnitInfo [name: default]
2025-07-26 12:34:35,067 INFO o.h.Version {logVersion} [main] HHH000412: Hibernate ORM core version 6.6.18.Final
2025-07-26 12:34:35,092 INFO o.h.c.i.RegionFactoryInitiator {initiateService} [main] HHH000026: Second-level cache disabled
2025-07-26 12:34:35,288 INFO o.s.o.j.p.SpringPersistenceUnitInfo {addTransformer} [main] No LoadTimeWeaver setup: ignoring JPA class transformer
2025-07-26 12:34:35,310 INFO c.z.h.HikariDataSource {getConnection} [main] HikariPool-1 - Starting...
2025-07-26 12:34:35,502 INFO c.z.h.p.HikariPool {checkFailFast} [main] HikariPool-1 - Added connection conn0: url=jdbc:h2:file:~/apiplant.db user=SA
2025-07-26 12:34:35,504 INFO c.z.h.HikariDataSource {getConnection} [main] HikariPool-1 - Start completed.
2025-07-26 12:34:35,522 WARN o.h.e.j.d.i.DialectFactoryImpl {constructDialect} [main] HHH90000025: H2Dialect does not need to be specified explicitly using 'hibernate.dialect' (remove the property setting and it will be selected by default)
2025-07-26 12:34:35,540 INFO o.h.e.j.e.i.JdbcEnvironmentInitiator {logConnectionInfo} [main] HHH10001005: Database info:
	Database JDBC URL [Connecting through datasource 'HikariDataSource (HikariPool-1)']
	Database driver: undefined/unknown
	Database version: 2.3.232
	Autocommit mode: undefined/unknown
	Isolation level: undefined/unknown
	Minimum pool size: undefined/unknown
	Maximum pool size: undefined/unknown
2025-07-26 12:34:36,282 INFO o.h.e.t.j.p.i.JtaPlatformInitiator {initiateService} [main] HHH000489: No JTA platform available (set 'hibernate.transaction.jta.platform' to enable JTA platform integration)
2025-07-26 12:34:36,330 INFO o.s.o.j.AbstractEntityManagerFactoryBean {buildNativeEntityManagerFactory} [main] Initialized JPA EntityManagerFactory for persistence unit 'default'
2025-07-26 12:34:36,652 WARN o.s.b.a.o.j.JpaBaseConfiguration$JpaWebConfiguration {openEntityManagerInViewInterceptor} [main] spring.jpa.open-in-view is enabled by default. Therefore, database queries may be performed during view rendering. Explicitly configure spring.jpa.open-in-view to disable this warning
2025-07-26 12:34:36,849 INFO o.s.b.a.h.H2ConsoleAutoConfiguration$H2ConsoleLogger {log} [main] H2 console available at '/h2-console'. Database available at 'jdbc:h2:file:~/apiplant.db'
2025-07-26 12:34:36,889 INFO o.a.j.l.DirectJDKLog {log} [main] Starting ProtocolHandler ["http-nio-8080"]
2025-07-26 12:34:36,910 INFO o.s.b.w.e.t.TomcatWebServer {start} [main] Tomcat started on port 8080 (http) with context path '/'
2025-07-26 12:34:36,918 INFO o.s.b.StartupInfoLogger {logStarted} [main] Started ApiPlantApplication in 3.316 seconds (process running for 3.532)
2025-07-26 12:35:11,066 INFO o.a.j.l.DirectJDKLog {log} [http-nio-8080-exec-1] Initializing Spring DispatcherServlet 'dispatcherServlet'
2025-07-26 12:35:11,066 INFO o.s.w.s.FrameworkServlet {initServletBean} [http-nio-8080-exec-1] Initializing Servlet 'dispatcherServlet'
2025-07-26 12:35:11,067 INFO o.s.w.s.FrameworkServlet {initServletBean} [http-nio-8080-exec-1] Completed initialization in 1 ms
2025-07-26 12:41:48,100 INFO o.s.b.w.e.t.GracefulShutdown {shutDownGracefully} [SpringApplicationShutdownHook] Commencing graceful shutdown. Waiting for active requests to complete
2025-07-26 12:41:48,171 INFO o.s.b.w.e.t.GracefulShutdown {doShutdown} [tomcat-shutdown] Graceful shutdown complete
2025-07-26 12:41:48,175 INFO o.s.o.j.AbstractEntityManagerFactoryBean {destroy} [SpringApplicationShutdownHook] Closing JPA EntityManagerFactory for persistence unit 'default'
2025-07-26 12:41:48,176 INFO c.z.h.HikariDataSource {close} [SpringApplicationShutdownHook] HikariPool-1 - Shutdown initiated...
2025-07-26 12:41:48,178 INFO c.z.h.HikariDataSource {close} [SpringApplicationShutdownHook] HikariPool-1 - Shutdown completed.
2025-07-26 12:41:56,616 INFO o.h.v.i.u.Version {<clinit>} [background-preinit] HV000001: Hibernate Validator 8.0.2.Final
2025-07-26 12:41:56,663 INFO o.s.b.StartupInfoLogger {logStarting} [main] Starting ApiPlantApplication using Java 17.0.12 with PID 24500 (C:\Users\maria\OneDrive\Desktop\ApiPlant\target\classes started by maria in C:\Users\maria\OneDrive\Desktop\ApiPlant)
2025-07-26 12:41:56,664 INFO o.s.b.SpringApplication {logStartupProfileInfo} [main] No active profile set, falling back to 1 default profile: "default"
2025-07-26 12:41:57,076 INFO o.s.d.r.c.RepositoryConfigurationDelegate {registerRepositoriesIn} [main] Bootstrapping Spring Data JPA repositories in DEFAULT mode.
2025-07-26 12:41:57,131 INFO o.s.d.r.c.RepositoryConfigurationDelegate {registerRepositoriesIn} [main] Finished Spring Data repository scanning in 46 ms. Found 5 JPA repository interfaces.
2025-07-26 12:41:57,523 INFO o.s.b.w.e.t.TomcatWebServer {initialize} [main] Tomcat initialized with port 8080 (http)
2025-07-26 12:41:57,531 INFO o.a.j.l.DirectJDKLog {log} [main] Initializing ProtocolHandler ["http-nio-8080"]
2025-07-26 12:41:57,533 INFO o.a.j.l.DirectJDKLog {log} [main] Starting service [Tomcat]
2025-07-26 12:41:57,533 INFO o.a.j.l.DirectJDKLog {log} [main] Starting Servlet engine: [Apache Tomcat/10.1.42]
2025-07-26 12:41:57,574 INFO o.a.j.l.DirectJDKLog {log} [main] Initializing Spring embedded WebApplicationContext
2025-07-26 12:41:57,576 INFO o.s.b.w.s.c.ServletWebServerApplicationContext {prepareWebApplicationContext} [main] Root WebApplicationContext: initialization completed in 880 ms
2025-07-26 12:41:57,743 INFO o.h.j.i.u.LogHelper {logPersistenceUnitInformation} [main] HHH000204: Processing PersistenceUnitInfo [name: default]
2025-07-26 12:41:57,780 INFO o.h.Version {logVersion} [main] HHH000412: Hibernate ORM core version 6.6.18.Final
2025-07-26 12:41:57,802 INFO o.h.c.i.RegionFactoryInitiator {initiateService} [main] HHH000026: Second-level cache disabled
2025-07-26 12:41:57,990 INFO o.s.o.j.p.SpringPersistenceUnitInfo {addTransformer} [main] No LoadTimeWeaver setup: ignoring JPA class transformer
2025-07-26 12:41:58,016 INFO c.z.h.HikariDataSource {getConnection} [main] HikariPool-1 - Starting...
2025-07-26 12:41:58,190 INFO c.z.h.p.HikariPool {checkFailFast} [main] HikariPool-1 - Added connection conn0: url=jdbc:h2:file:~/apiplant.db user=SA
2025-07-26 12:41:58,193 INFO c.z.h.HikariDataSource {getConnection} [main] HikariPool-1 - Start completed.
2025-07-26 12:41:58,214 WARN o.h.e.j.d.i.DialectFactoryImpl {constructDialect} [main] HHH90000025: H2Dialect does not need to be specified explicitly using 'hibernate.dialect' (remove the property setting and it will be selected by default)
2025-07-26 12:41:58,233 INFO o.h.e.j.e.i.JdbcEnvironmentInitiator {logConnectionInfo} [main] HHH10001005: Database info:
	Database JDBC URL [Connecting through datasource 'HikariDataSource (HikariPool-1)']
	Database driver: undefined/unknown
	Database version: 2.3.232
	Autocommit mode: undefined/unknown
	Isolation level: undefined/unknown
	Minimum pool size: undefined/unknown
	Maximum pool size: undefined/unknown
2025-07-26 12:41:58,963 INFO o.h.e.t.j.p.i.JtaPlatformInitiator {initiateService} [main] HHH000489: No JTA platform available (set 'hibernate.transaction.jta.platform' to enable JTA platform integration)
2025-07-26 12:41:59,011 INFO o.s.o.j.AbstractEntityManagerFactoryBean {buildNativeEntityManagerFactory} [main] Initialized JPA EntityManagerFactory for persistence unit 'default'
2025-07-26 12:41:59,342 WARN o.s.b.a.o.j.JpaBaseConfiguration$JpaWebConfiguration {openEntityManagerInViewInterceptor} [main] spring.jpa.open-in-view is enabled by default. Therefore, database queries may be performed during view rendering. Explicitly configure spring.jpa.open-in-view to disable this warning
2025-07-26 12:41:59,544 INFO o.s.b.a.h.H2ConsoleAutoConfiguration$H2ConsoleLogger {log} [main] H2 console available at '/h2-console'. Database available at 'jdbc:h2:file:~/apiplant.db'
2025-07-26 12:41:59,587 INFO o.a.j.l.DirectJDKLog {log} [main] Starting ProtocolHandler ["http-nio-8080"]
2025-07-26 12:41:59,603 INFO o.s.b.w.e.t.TomcatWebServer {start} [main] Tomcat started on port 8080 (http) with context path '/'
2025-07-26 12:41:59,610 INFO o.s.b.StartupInfoLogger {logStarted} [main] Started ApiPlantApplication in 3.297 seconds (process running for 3.502)
2025-07-26 12:42:16,217 INFO o.a.j.l.DirectJDKLog {log} [http-nio-8080-exec-1] Initializing Spring DispatcherServlet 'dispatcherServlet'
2025-07-26 12:42:16,218 INFO o.s.w.s.FrameworkServlet {initServletBean} [http-nio-8080-exec-1] Initializing Servlet 'dispatcherServlet'
2025-07-26 12:42:16,219 INFO o.s.w.s.FrameworkServlet {initServletBean} [http-nio-8080-exec-1] Completed initialization in 1 ms
2025-07-26 12:44:13,617 INFO o.s.b.w.e.t.GracefulShutdown {shutDownGracefully} [SpringApplicationShutdownHook] Commencing graceful shutdown. Waiting for active requests to complete
2025-07-26 12:44:13,694 INFO o.s.b.w.e.t.GracefulShutdown {doShutdown} [tomcat-shutdown] Graceful shutdown complete
2025-07-26 12:44:13,697 INFO o.s.o.j.AbstractEntityManagerFactoryBean {destroy} [SpringApplicationShutdownHook] Closing JPA EntityManagerFactory for persistence unit 'default'
2025-07-26 12:44:13,698 INFO c.z.h.HikariDataSource {close} [SpringApplicationShutdownHook] HikariPool-1 - Shutdown initiated...
2025-07-26 12:44:13,699 INFO c.z.h.HikariDataSource {close} [SpringApplicationShutdownHook] HikariPool-1 - Shutdown completed.
2025-07-26 12:44:19,201 INFO o.h.v.i.u.Version {<clinit>} [background-preinit] HV000001: Hibernate Validator 8.0.2.Final
2025-07-26 12:44:19,256 INFO o.s.b.StartupInfoLogger {logStarting} [main] Starting ApiPlantApplication using Java 17.0.12 with PID 15900 (C:\Users\maria\OneDrive\Desktop\ApiPlant\target\classes started by maria in C:\Users\maria\OneDrive\Desktop\ApiPlant)
2025-07-26 12:44:19,257 INFO o.s.b.SpringApplication {logStartupProfileInfo} [main] No active profile set, falling back to 1 default profile: "default"
2025-07-26 12:44:19,668 INFO o.s.d.r.c.RepositoryConfigurationDelegate {registerRepositoriesIn} [main] Bootstrapping Spring Data JPA repositories in DEFAULT mode.
2025-07-26 12:44:19,717 INFO o.s.d.r.c.RepositoryConfigurationDelegate {registerRepositoriesIn} [main] Finished Spring Data repository scanning in 42 ms. Found 5 JPA repository interfaces.
2025-07-26 12:44:20,114 INFO o.s.b.w.e.t.TomcatWebServer {initialize} [main] Tomcat initialized with port 8080 (http)
2025-07-26 12:44:20,125 INFO o.a.j.l.DirectJDKLog {log} [main] Initializing ProtocolHandler ["http-nio-8080"]
2025-07-26 12:44:20,128 INFO o.a.j.l.DirectJDKLog {log} [main] Starting service [Tomcat]
2025-07-26 12:44:20,129 INFO o.a.j.l.DirectJDKLog {log} [main] Starting Servlet engine: [Apache Tomcat/10.1.42]
2025-07-26 12:44:20,173 INFO o.a.j.l.DirectJDKLog {log} [main] Initializing Spring embedded WebApplicationContext
2025-07-26 12:44:20,174 INFO o.s.b.w.s.c.ServletWebServerApplicationContext {prepareWebApplicationContext} [main] Root WebApplicationContext: initialization completed in 886 ms
2025-07-26 12:44:20,285 INFO o.h.j.i.u.LogHelper {logPersistenceUnitInformation} [main] HHH000204: Processing PersistenceUnitInfo [name: default]
2025-07-26 12:44:20,323 INFO o.h.Version {logVersion} [main] HHH000412: Hibernate ORM core version 6.6.18.Final
2025-07-26 12:44:20,347 INFO o.h.c.i.RegionFactoryInitiator {initiateService} [main] HHH000026: Second-level cache disabled
2025-07-26 12:44:20,555 INFO o.s.o.j.p.SpringPersistenceUnitInfo {addTransformer} [main] No LoadTimeWeaver setup: ignoring JPA class transformer
2025-07-26 12:44:20,575 INFO c.z.h.HikariDataSource {getConnection} [main] HikariPool-1 - Starting...
2025-07-26 12:44:20,767 INFO c.z.h.p.HikariPool {checkFailFast} [main] HikariPool-1 - Added connection conn0: url=jdbc:h2:file:~/apiplant.db user=SA
2025-07-26 12:44:20,768 INFO c.z.h.HikariDataSource {getConnection} [main] HikariPool-1 - Start completed.
2025-07-26 12:44:20,785 WARN o.h.e.j.d.i.DialectFactoryImpl {constructDialect} [main] HHH90000025: H2Dialect does not need to be specified explicitly using 'hibernate.dialect' (remove the property setting and it will be selected by default)
2025-07-26 12:44:20,804 INFO o.h.e.j.e.i.JdbcEnvironmentInitiator {logConnectionInfo} [main] HHH10001005: Database info:
	Database JDBC URL [Connecting through datasource 'HikariDataSource (HikariPool-1)']
	Database driver: undefined/unknown
	Database version: 2.3.232
	Autocommit mode: undefined/unknown
	Isolation level: undefined/unknown
	Minimum pool size: undefined/unknown
	Maximum pool size: undefined/unknown
2025-07-26 12:44:21,543 INFO o.h.e.t.j.p.i.JtaPlatformInitiator {initiateService} [main] HHH000489: No JTA platform available (set 'hibernate.transaction.jta.platform' to enable JTA platform integration)
2025-07-26 12:44:21,595 INFO o.s.o.j.AbstractEntityManagerFactoryBean {buildNativeEntityManagerFactory} [main] Initialized JPA EntityManagerFactory for persistence unit 'default'
2025-07-26 12:44:21,914 WARN o.s.b.a.o.j.JpaBaseConfiguration$JpaWebConfiguration {openEntityManagerInViewInterceptor} [main] spring.jpa.open-in-view is enabled by default. Therefore, database queries may be performed during view rendering. Explicitly configure spring.jpa.open-in-view to disable this warning
2025-07-26 12:44:22,111 INFO o.s.b.a.h.H2ConsoleAutoConfiguration$H2ConsoleLogger {log} [main] H2 console available at '/h2-console'. Database available at 'jdbc:h2:file:~/apiplant.db'
2025-07-26 12:44:22,151 INFO o.a.j.l.DirectJDKLog {log} [main] Starting ProtocolHandler ["http-nio-8080"]
2025-07-26 12:44:22,171 INFO o.s.b.w.e.t.TomcatWebServer {start} [main] Tomcat started on port 8080 (http) with context path '/'
2025-07-26 12:44:22,179 INFO o.s.b.StartupInfoLogger {logStarted} [main] Started ApiPlantApplication in 3.282 seconds (process running for 3.485)
2025-07-26 12:44:26,543 INFO o.a.j.l.DirectJDKLog {log} [http-nio-8080-exec-1] Initializing Spring DispatcherServlet 'dispatcherServlet'
2025-07-26 12:44:26,544 INFO o.s.w.s.FrameworkServlet {initServletBean} [http-nio-8080-exec-1] Initializing Servlet 'dispatcherServlet'
2025-07-26 12:44:26,545 INFO o.s.w.s.FrameworkServlet {initServletBean} [http-nio-8080-exec-1] Completed initialization in 1 ms
2025-07-26 12:47:54,675 INFO o.s.b.w.e.t.GracefulShutdown {shutDownGracefully} [SpringApplicationShutdownHook] Commencing graceful shutdown. Waiting for active requests to complete
2025-07-26 12:47:54,746 INFO o.s.b.w.e.t.GracefulShutdown {doShutdown} [tomcat-shutdown] Graceful shutdown complete
2025-07-26 12:47:54,750 INFO o.s.o.j.AbstractEntityManagerFactoryBean {destroy} [SpringApplicationShutdownHook] Closing JPA EntityManagerFactory for persistence unit 'default'
2025-07-26 12:47:54,752 INFO c.z.h.HikariDataSource {close} [SpringApplicationShutdownHook] HikariPool-1 - Shutdown initiated...
2025-07-26 12:47:54,754 INFO c.z.h.HikariDataSource {close} [SpringApplicationShutdownHook] HikariPool-1 - Shutdown completed.
2025-07-26 12:48:05,040 INFO o.h.v.i.u.Version {<clinit>} [background-preinit] HV000001: Hibernate Validator 8.0.2.Final
2025-07-26 12:48:05,115 INFO o.s.b.StartupInfoLogger {logStarting} [main] Starting ApiPlantApplication using Java 17.0.12 with PID 19672 (C:\Users\maria\OneDrive\Desktop\ApiPlant\target\classes started by maria in C:\Users\maria\OneDrive\Desktop\ApiPlant)
2025-07-26 12:48:05,117 INFO o.s.b.SpringApplication {logStartupProfileInfo} [main] No active profile set, falling back to 1 default profile: "default"
2025-07-26 12:48:05,783 INFO o.s.d.r.c.RepositoryConfigurationDelegate {registerRepositoriesIn} [main] Bootstrapping Spring Data JPA repositories in DEFAULT mode.
2025-07-26 12:48:05,857 INFO o.s.d.r.c.RepositoryConfigurationDelegate {registerRepositoriesIn} [main] Finished Spring Data repository scanning in 63 ms. Found 5 JPA repository interfaces.
2025-07-26 12:48:06,402 INFO o.s.b.w.e.t.TomcatWebServer {initialize} [main] Tomcat initialized with port 8080 (http)
2025-07-26 12:48:06,414 INFO o.a.j.l.DirectJDKLog {log} [main] Initializing ProtocolHandler ["http-nio-8080"]
2025-07-26 12:48:06,417 INFO o.a.j.l.DirectJDKLog {log} [main] Starting service [Tomcat]
2025-07-26 12:48:06,417 INFO o.a.j.l.DirectJDKLog {log} [main] Starting Servlet engine: [Apache Tomcat/10.1.42]
2025-07-26 12:48:06,478 INFO o.a.j.l.DirectJDKLog {log} [main] Initializing Spring embedded WebApplicationContext
2025-07-26 12:48:06,480 INFO o.s.b.w.s.c.ServletWebServerApplicationContext {prepareWebApplicationContext} [main] Root WebApplicationContext: initialization completed in 1314 ms
2025-07-26 12:48:06,644 INFO o.h.j.i.u.LogHelper {logPersistenceUnitInformation} [main] HHH000204: Processing PersistenceUnitInfo [name: default]
2025-07-26 12:48:06,687 INFO o.h.Version {logVersion} [main] HHH000412: Hibernate ORM core version 6.6.18.Final
2025-07-26 12:48:06,725 INFO o.h.c.i.RegionFactoryInitiator {initiateService} [main] HHH000026: Second-level cache disabled
2025-07-26 12:48:07,073 INFO o.s.o.j.p.SpringPersistenceUnitInfo {addTransformer} [main] No LoadTimeWeaver setup: ignoring JPA class transformer
2025-07-26 12:48:07,109 INFO c.z.h.HikariDataSource {getConnection} [main] HikariPool-1 - Starting...
2025-07-26 12:48:07,422 INFO c.z.h.p.HikariPool {checkFailFast} [main] HikariPool-1 - Added connection conn0: url=jdbc:h2:file:~/apiplant.db user=SA
2025-07-26 12:48:07,425 INFO c.z.h.HikariDataSource {getConnection} [main] HikariPool-1 - Start completed.
2025-07-26 12:48:07,456 WARN o.h.e.j.d.i.DialectFactoryImpl {constructDialect} [main] HHH90000025: H2Dialect does not need to be specified explicitly using 'hibernate.dialect' (remove the property setting and it will be selected by default)
2025-07-26 12:48:07,488 INFO o.h.e.j.e.i.JdbcEnvironmentInitiator {logConnectionInfo} [main] HHH10001005: Database info:
	Database JDBC URL [Connecting through datasource 'HikariDataSource (HikariPool-1)']
	Database driver: undefined/unknown
	Database version: 2.3.232
	Autocommit mode: undefined/unknown
	Isolation level: undefined/unknown
	Minimum pool size: undefined/unknown
	Maximum pool size: undefined/unknown
2025-07-26 12:48:08,486 INFO o.h.e.t.j.p.i.JtaPlatformInitiator {initiateService} [main] HHH000489: No JTA platform available (set 'hibernate.transaction.jta.platform' to enable JTA platform integration)
2025-07-26 12:48:08,560 INFO o.s.o.j.AbstractEntityManagerFactoryBean {buildNativeEntityManagerFactory} [main] Initialized JPA EntityManagerFactory for persistence unit 'default'
2025-07-26 12:48:09,019 WARN o.s.b.a.o.j.JpaBaseConfiguration$JpaWebConfiguration {openEntityManagerInViewInterceptor} [main] spring.jpa.open-in-view is enabled by default. Therefore, database queries may be performed during view rendering. Explicitly configure spring.jpa.open-in-view to disable this warning
2025-07-26 12:48:09,146 WARN o.s.c.s.AbstractApplicationContext {refresh} [main] Exception encountered during context initialization - cancelling refresh attempt: org.springframework.beans.factory.BeanCreationException: Error creating bean with name 'routerFunctionMapping' defined in class path resource [org/springframework/boot/autoconfigure/web/servlet/WebMvcAutoConfiguration$EnableWebMvcConfiguration.class]: Failed to instantiate [org.springframework.web.servlet.function.support.RouterFunctionMapping]: Factory method 'routerFunctionMapping' threw exception with message: Error creating bean with name 'messageConverters' defined in class path resource [org/springframework/boot/autoconfigure/http/HttpMessageConvertersAutoConfiguration.class]: Failed to instantiate [org.springframework.boot.autoconfigure.http.HttpMessageConverters]: Factory method 'messageConverters' threw exception with message: Error creating bean with name 'mappingJackson2HttpMessageConverter' defined in class path resource [org/springframework/boot/autoconfigure/http/JacksonHttpMessageConvertersConfiguration$MappingJackson2HttpMessageConverterConfiguration.class]: Unsatisfied dependency expressed through method 'mappingJackson2HttpMessageConverter' parameter 0: Error creating bean with name 'jacksonObjectMapper' defined in class path resource [org/springframework/boot/autoconfigure/jackson/JacksonAutoConfiguration$JacksonObjectMapperConfiguration.class]: Unsatisfied dependency expressed through method 'jacksonObjectMapper' parameter 0: Error creating bean with name 'jacksonObjectMapperBuilder' defined in class path resource [org/springframework/boot/autoconfigure/jackson/JacksonAutoConfiguration$JacksonObjectMapperBuilderConfiguration.class]: Unsatisfied dependency expressed through method 'jacksonObjectMapperBuilder' parameter 1: Error creating bean with name 'standardJacksonObjectMapperBuilderCustomizer' defined in class path resource [org/springframework/boot/autoconfigure/jackson/JacksonAutoConfiguration$Jackson2ObjectMapperBuilderCustomizerConfiguration.class]: Unsatisfied dependency expressed through method 'standardJacksonObjectMapperBuilderCustomizer' parameter 0: Error creating bean with name 'spring.jackson-org.springframework.boot.autoconfigure.jackson.JacksonProperties': Could not bind properties to 'JacksonProperties' : prefix=spring.jackson, ignoreInvalidFields=false, ignoreUnknownFields=true
2025-07-26 12:48:09,148 INFO o.s.o.j.AbstractEntityManagerFactoryBean {destroy} [main] Closing JPA EntityManagerFactory for persistence unit 'default'
2025-07-26 12:48:09,150 INFO c.z.h.HikariDataSource {close} [main] HikariPool-1 - Shutdown initiated...
2025-07-26 12:48:09,184 INFO c.z.h.HikariDataSource {close} [main] HikariPool-1 - Shutdown completed.
2025-07-26 12:48:09,186 INFO o.a.j.l.DirectJDKLog {log} [main] Stopping service [Tomcat]
2025-07-26 12:48:09,196 INFO o.s.b.a.l.ConditionEvaluationReportLogger {logMessage} [main] 

Error starting ApplicationContext. To display the condition evaluation report re-run your application with 'debug' enabled.
2025-07-26 12:48:09,216 ERROR o.s.b.d.LoggingFailureAnalysisReporter {report} [main] 

***************************
APPLICATION FAILED TO START
***************************

Description:

Failed to bind properties under 'spring.jackson.deserialization.fail-on-unknown-properties' to java.lang.Boolean:

    Property: spring.jackson.deserialization.fail-on-unknown-properties
    Value: "true  # Lanzar error si hay campos JSON desconocidos"
    Origin: class path resource [application.properties] - 17:59
    Reason: failed to convert java.lang.String to java.lang.Boolean (caused by java.lang.IllegalArgumentException: Invalid boolean value 'true  # Lanzar error si hay campos JSON desconocidos')

Action:

Update your application's configuration

2025-07-26 12:48:44,899 INFO o.h.v.i.u.Version {<clinit>} [background-preinit] HV000001: Hibernate Validator 8.0.2.Final
2025-07-26 12:48:44,942 INFO o.s.b.StartupInfoLogger {logStarting} [main] Starting ApiPlantApplication using Java 17.0.12 with PID 15328 (C:\Users\maria\OneDrive\Desktop\ApiPlant\target\classes started by maria in C:\Users\maria\OneDrive\Desktop\ApiPlant)
2025-07-26 12:48:44,943 INFO o.s.b.SpringApplication {logStartupProfileInfo} [main] No active profile set, falling back to 1 default profile: "default"
2025-07-26 12:48:45,350 INFO o.s.d.r.c.RepositoryConfigurationDelegate {registerRepositoriesIn} [main] Bootstrapping Spring Data JPA repositories in DEFAULT mode.
2025-07-26 12:48:45,412 INFO o.s.d.r.c.RepositoryConfigurationDelegate {registerRepositoriesIn} [main] Finished Spring Data repository scanning in 51 ms. Found 5 JPA repository interfaces.
2025-07-26 12:48:45,791 INFO o.s.b.w.e.t.TomcatWebServer {initialize} [main] Tomcat initialized with port 8080 (http)
2025-07-26 12:48:45,802 INFO o.a.j.l.DirectJDKLog {log} [main] Initializing ProtocolHandler ["http-nio-8080"]
2025-07-26 12:48:45,805 INFO o.a.j.l.DirectJDKLog {log} [main] Starting service [Tomcat]
2025-07-26 12:48:45,805 INFO o.a.j.l.DirectJDKLog {log} [main] Starting Servlet engine: [Apache Tomcat/10.1.42]
2025-07-26 12:48:45,848 INFO o.a.j.l.DirectJDKLog {log} [main] Initializing Spring embedded WebApplicationContext
2025-07-26 12:48:45,849 INFO o.s.b.w.s.c.ServletWebServerApplicationContext {prepareWebApplicationContext} [main] Root WebApplicationContext: initialization completed in 878 ms
2025-07-26 12:48:45,956 INFO o.h.j.i.u.LogHelper {logPersistenceUnitInformation} [main] HHH000204: Processing PersistenceUnitInfo [name: default]
2025-07-26 12:48:45,995 INFO o.h.Version {logVersion} [main] HHH000412: Hibernate ORM core version 6.6.18.Final
2025-07-26 12:48:46,017 INFO o.h.c.i.RegionFactoryInitiator {initiateService} [main] HHH000026: Second-level cache disabled
2025-07-26 12:48:46,198 INFO o.s.o.j.p.SpringPersistenceUnitInfo {addTransformer} [main] No LoadTimeWeaver setup: ignoring JPA class transformer
2025-07-26 12:48:46,219 INFO c.z.h.HikariDataSource {getConnection} [main] HikariPool-1 - Starting...
2025-07-26 12:48:46,392 INFO c.z.h.p.HikariPool {checkFailFast} [main] HikariPool-1 - Added connection conn0: url=jdbc:h2:file:~/apiplant.db user=SA
2025-07-26 12:48:46,394 INFO c.z.h.HikariDataSource {getConnection} [main] HikariPool-1 - Start completed.
2025-07-26 12:48:46,410 WARN o.h.e.j.d.i.DialectFactoryImpl {constructDialect} [main] HHH90000025: H2Dialect does not need to be specified explicitly using 'hibernate.dialect' (remove the property setting and it will be selected by default)
2025-07-26 12:48:46,430 INFO o.h.e.j.e.i.JdbcEnvironmentInitiator {logConnectionInfo} [main] HHH10001005: Database info:
	Database JDBC URL [Connecting through datasource 'HikariDataSource (HikariPool-1)']
	Database driver: undefined/unknown
	Database version: 2.3.232
	Autocommit mode: undefined/unknown
	Isolation level: undefined/unknown
	Minimum pool size: undefined/unknown
	Maximum pool size: undefined/unknown
2025-07-26 12:48:47,146 INFO o.h.e.t.j.p.i.JtaPlatformInitiator {initiateService} [main] HHH000489: No JTA platform available (set 'hibernate.transaction.jta.platform' to enable JTA platform integration)
2025-07-26 12:48:47,195 INFO o.s.o.j.AbstractEntityManagerFactoryBean {buildNativeEntityManagerFactory} [main] Initialized JPA EntityManagerFactory for persistence unit 'default'
2025-07-26 12:48:47,497 WARN o.s.b.a.o.j.JpaBaseConfiguration$JpaWebConfiguration {openEntityManagerInViewInterceptor} [main] spring.jpa.open-in-view is enabled by default. Therefore, database queries may be performed during view rendering. Explicitly configure spring.jpa.open-in-view to disable this warning
2025-07-26 12:48:47,709 INFO o.s.b.a.h.H2ConsoleAutoConfiguration$H2ConsoleLogger {log} [main] H2 console available at '/h2-console'. Database available at 'jdbc:h2:file:~/apiplant.db'
2025-07-26 12:48:47,745 INFO o.a.j.l.DirectJDKLog {log} [main] Starting ProtocolHandler ["http-nio-8080"]
2025-07-26 12:48:47,760 INFO o.s.b.w.e.t.TomcatWebServer {start} [main] Tomcat started on port 8080 (http) with context path '/'
2025-07-26 12:48:47,767 INFO o.s.b.StartupInfoLogger {logStarted} [main] Started ApiPlantApplication in 3.161 seconds (process running for 3.36)
2025-07-26 12:48:53,333 INFO o.a.j.l.DirectJDKLog {log} [http-nio-8080-exec-1] Initializing Spring DispatcherServlet 'dispatcherServlet'
2025-07-26 12:48:53,333 INFO o.s.w.s.FrameworkServlet {initServletBean} [http-nio-8080-exec-1] Initializing Servlet 'dispatcherServlet'
2025-07-26 12:48:53,334 INFO o.s.w.s.FrameworkServlet {initServletBean} [http-nio-8080-exec-1] Completed initialization in 0 ms
2025-07-26 12:53:47,012 INFO o.s.b.w.e.t.GracefulShutdown {shutDownGracefully} [SpringApplicationShutdownHook] Commencing graceful shutdown. Waiting for active requests to complete
2025-07-26 12:53:47,091 INFO o.s.b.w.e.t.GracefulShutdown {doShutdown} [tomcat-shutdown] Graceful shutdown complete
2025-07-26 12:53:47,096 INFO o.s.o.j.AbstractEntityManagerFactoryBean {destroy} [SpringApplicationShutdownHook] Closing JPA EntityManagerFactory for persistence unit 'default'
2025-07-26 12:53:47,098 INFO c.z.h.HikariDataSource {close} [SpringApplicationShutdownHook] HikariPool-1 - Shutdown initiated...
2025-07-26 12:53:47,100 INFO c.z.h.HikariDataSource {close} [SpringApplicationShutdownHook] HikariPool-1 - Shutdown completed.
2025-07-26 12:53:55,138 INFO o.h.v.i.u.Version {<clinit>} [background-preinit] HV000001: Hibernate Validator 8.0.2.Final
2025-07-26 12:53:55,181 INFO o.s.b.StartupInfoLogger {logStarting} [main] Starting ApiPlantApplication using Java 17.0.12 with PID 23012 (C:\Users\maria\OneDrive\Desktop\ApiPlant\target\classes started by maria in C:\Users\maria\OneDrive\Desktop\ApiPlant)
2025-07-26 12:53:55,182 INFO o.s.b.SpringApplication {logStartupProfileInfo} [main] No active profile set, falling back to 1 default profile: "default"
2025-07-26 12:53:55,589 INFO o.s.d.r.c.RepositoryConfigurationDelegate {registerRepositoriesIn} [main] Bootstrapping Spring Data JPA repositories in DEFAULT mode.
2025-07-26 12:53:55,644 INFO o.s.d.r.c.RepositoryConfigurationDelegate {registerRepositoriesIn} [main] Finished Spring Data repository scanning in 46 ms. Found 5 JPA repository interfaces.
2025-07-26 12:53:56,038 INFO o.s.b.w.e.t.TomcatWebServer {initialize} [main] Tomcat initialized with port 8080 (http)
2025-07-26 12:53:56,047 INFO o.a.j.l.DirectJDKLog {log} [main] Initializing ProtocolHandler ["http-nio-8080"]
2025-07-26 12:53:56,049 INFO o.a.j.l.DirectJDKLog {log} [main] Starting service [Tomcat]
2025-07-26 12:53:56,049 INFO o.a.j.l.DirectJDKLog {log} [main] Starting Servlet engine: [Apache Tomcat/10.1.42]
2025-07-26 12:53:56,095 INFO o.a.j.l.DirectJDKLog {log} [main] Initializing Spring embedded WebApplicationContext
2025-07-26 12:53:56,096 INFO o.s.b.w.s.c.ServletWebServerApplicationContext {prepareWebApplicationContext} [main] Root WebApplicationContext: initialization completed in 886 ms
2025-07-26 12:53:56,197 INFO o.h.j.i.u.LogHelper {logPersistenceUnitInformation} [main] HHH000204: Processing PersistenceUnitInfo [name: default]
2025-07-26 12:53:56,232 INFO o.h.Version {logVersion} [main] HHH000412: Hibernate ORM core version 6.6.18.Final
2025-07-26 12:53:56,256 INFO o.h.c.i.RegionFactoryInitiator {initiateService} [main] HHH000026: Second-level cache disabled
2025-07-26 12:53:56,443 INFO o.s.o.j.p.SpringPersistenceUnitInfo {addTransformer} [main] No LoadTimeWeaver setup: ignoring JPA class transformer
2025-07-26 12:53:56,464 INFO c.z.h.HikariDataSource {getConnection} [main] HikariPool-1 - Starting...
2025-07-26 12:53:56,650 INFO c.z.h.p.HikariPool {checkFailFast} [main] HikariPool-1 - Added connection conn0: url=jdbc:h2:file:~/apiplant.db user=SA
2025-07-26 12:53:56,652 INFO c.z.h.HikariDataSource {getConnection} [main] HikariPool-1 - Start completed.
2025-07-26 12:53:56,670 WARN o.h.e.j.d.i.DialectFactoryImpl {constructDialect} [main] HHH90000025: H2Dialect does not need to be specified explicitly using 'hibernate.dialect' (remove the property setting and it will be selected by default)
2025-07-26 12:53:56,687 INFO o.h.e.j.e.i.JdbcEnvironmentInitiator {logConnectionInfo} [main] HHH10001005: Database info:
	Database JDBC URL [Connecting through datasource 'HikariDataSource (HikariPool-1)']
	Database driver: undefined/unknown
	Database version: 2.3.232
	Autocommit mode: undefined/unknown
	Isolation level: undefined/unknown
	Minimum pool size: undefined/unknown
	Maximum pool size: undefined/unknown
2025-07-26 12:53:57,411 INFO o.h.e.t.j.p.i.JtaPlatformInitiator {initiateService} [main] HHH000489: No JTA platform available (set 'hibernate.transaction.jta.platform' to enable JTA platform integration)
2025-07-26 12:53:57,457 INFO o.s.o.j.AbstractEntityManagerFactoryBean {buildNativeEntityManagerFactory} [main] Initialized JPA EntityManagerFactory for persistence unit 'default'
2025-07-26 12:53:57,766 WARN o.s.b.a.o.j.JpaBaseConfiguration$JpaWebConfiguration {openEntityManagerInViewInterceptor} [main] spring.jpa.open-in-view is enabled by default. Therefore, database queries may be performed during view rendering. Explicitly configure spring.jpa.open-in-view to disable this warning
2025-07-26 12:53:57,961 INFO o.s.b.a.h.H2ConsoleAutoConfiguration$H2ConsoleLogger {log} [main] H2 console available at '/h2-console'. Database available at 'jdbc:h2:file:~/apiplant.db'
2025-07-26 12:53:58,004 INFO o.a.j.l.DirectJDKLog {log} [main] Starting ProtocolHandler ["http-nio-8080"]
2025-07-26 12:53:58,021 INFO o.s.b.w.e.t.TomcatWebServer {start} [main] Tomcat started on port 8080 (http) with context path '/'
2025-07-26 12:53:58,029 INFO o.s.b.StartupInfoLogger {logStarted} [main] Started ApiPlantApplication in 3.187 seconds (process running for 3.395)
2025-07-26 12:54:04,238 INFO o.a.j.l.DirectJDKLog {log} [http-nio-8080-exec-1] Initializing Spring DispatcherServlet 'dispatcherServlet'
2025-07-26 12:54:04,238 INFO o.s.w.s.FrameworkServlet {initServletBean} [http-nio-8080-exec-1] Initializing Servlet 'dispatcherServlet'
2025-07-26 12:54:04,240 INFO o.s.w.s.FrameworkServlet {initServletBean} [http-nio-8080-exec-1] Completed initialization in 1 ms
2025-07-26 12:55:02,466 INFO o.s.b.w.e.t.GracefulShutdown {shutDownGracefully} [SpringApplicationShutdownHook] Commencing graceful shutdown. Waiting for active requests to complete
2025-07-26 12:55:02,541 INFO o.s.b.w.e.t.GracefulShutdown {doShutdown} [tomcat-shutdown] Graceful shutdown complete
2025-07-26 12:55:02,546 INFO o.s.o.j.AbstractEntityManagerFactoryBean {destroy} [SpringApplicationShutdownHook] Closing JPA EntityManagerFactory for persistence unit 'default'
2025-07-26 12:55:02,548 INFO c.z.h.HikariDataSource {close} [SpringApplicationShutdownHook] HikariPool-1 - Shutdown initiated...
2025-07-26 12:55:02,550 INFO c.z.h.HikariDataSource {close} [SpringApplicationShutdownHook] HikariPool-1 - Shutdown completed.
2025-07-26 12:55:13,793 INFO o.h.v.i.u.Version {<clinit>} [background-preinit] HV000001: Hibernate Validator 8.0.2.Final
2025-07-26 12:55:13,840 INFO o.s.b.StartupInfoLogger {logStarting} [main] Starting ApiPlantApplication using Java 17.0.12 with PID 23228 (C:\Users\maria\OneDrive\Desktop\ApiPlant\target\classes started by maria in C:\Users\maria\OneDrive\Desktop\ApiPlant)
2025-07-26 12:55:13,841 INFO o.s.b.SpringApplication {logStartupProfileInfo} [main] No active profile set, falling back to 1 default profile: "default"
2025-07-26 12:55:14,228 INFO o.s.d.r.c.RepositoryConfigurationDelegate {registerRepositoriesIn} [main] Bootstrapping Spring Data JPA repositories in DEFAULT mode.
2025-07-26 12:55:14,274 INFO o.s.d.r.c.RepositoryConfigurationDelegate {registerRepositoriesIn} [main] Finished Spring Data repository scanning in 38 ms. Found 5 JPA repository interfaces.
2025-07-26 12:55:14,647 INFO o.s.b.w.e.t.TomcatWebServer {initialize} [main] Tomcat initialized with port 8080 (http)
2025-07-26 12:55:14,656 INFO o.a.j.l.DirectJDKLog {log} [main] Initializing ProtocolHandler ["http-nio-8080"]
2025-07-26 12:55:14,658 INFO o.a.j.l.DirectJDKLog {log} [main] Starting service [Tomcat]
2025-07-26 12:55:14,658 INFO o.a.j.l.DirectJDKLog {log} [main] Starting Servlet engine: [Apache Tomcat/10.1.42]
2025-07-26 12:55:14,697 INFO o.a.j.l.DirectJDKLog {log} [main] Initializing Spring embedded WebApplicationContext
2025-07-26 12:55:14,698 INFO o.s.b.w.s.c.ServletWebServerApplicationContext {prepareWebApplicationContext} [main] Root WebApplicationContext: initialization completed in 828 ms
2025-07-26 12:55:14,797 INFO o.h.j.i.u.LogHelper {logPersistenceUnitInformation} [main] HHH000204: Processing PersistenceUnitInfo [name: default]
2025-07-26 12:55:14,829 INFO o.h.Version {logVersion} [main] HHH000412: Hibernate ORM core version 6.6.18.Final
2025-07-26 12:55:14,854 INFO o.h.c.i.RegionFactoryInitiator {initiateService} [main] HHH000026: Second-level cache disabled
2025-07-26 12:55:15,043 INFO o.s.o.j.p.SpringPersistenceUnitInfo {addTransformer} [main] No LoadTimeWeaver setup: ignoring JPA class transformer
2025-07-26 12:55:15,063 INFO c.z.h.HikariDataSource {getConnection} [main] HikariPool-1 - Starting...
2025-07-26 12:55:15,236 INFO c.z.h.p.HikariPool {checkFailFast} [main] HikariPool-1 - Added connection conn0: url=jdbc:h2:file:~/apiplant.db user=SA
2025-07-26 12:55:15,238 INFO c.z.h.HikariDataSource {getConnection} [main] HikariPool-1 - Start completed.
2025-07-26 12:55:15,255 WARN o.h.e.j.d.i.DialectFactoryImpl {constructDialect} [main] HHH90000025: H2Dialect does not need to be specified explicitly using 'hibernate.dialect' (remove the property setting and it will be selected by default)
2025-07-26 12:55:15,274 INFO o.h.e.j.e.i.JdbcEnvironmentInitiator {logConnectionInfo} [main] HHH10001005: Database info:
	Database JDBC URL [Connecting through datasource 'HikariDataSource (HikariPool-1)']
	Database driver: undefined/unknown
	Database version: 2.3.232
	Autocommit mode: undefined/unknown
	Isolation level: undefined/unknown
	Minimum pool size: undefined/unknown
	Maximum pool size: undefined/unknown
2025-07-26 12:55:16,036 INFO o.h.e.t.j.p.i.JtaPlatformInitiator {initiateService} [main] HHH000489: No JTA platform available (set 'hibernate.transaction.jta.platform' to enable JTA platform integration)
2025-07-26 12:55:16,102 INFO o.s.o.j.AbstractEntityManagerFactoryBean {buildNativeEntityManagerFactory} [main] Initialized JPA EntityManagerFactory for persistence unit 'default'
2025-07-26 12:55:16,520 WARN o.s.b.a.o.j.JpaBaseConfiguration$JpaWebConfiguration {openEntityManagerInViewInterceptor} [main] spring.jpa.open-in-view is enabled by default. Therefore, database queries may be performed during view rendering. Explicitly configure spring.jpa.open-in-view to disable this warning
2025-07-26 12:55:16,779 INFO o.s.b.a.h.H2ConsoleAutoConfiguration$H2ConsoleLogger {log} [main] H2 console available at '/h2-console'. Database available at 'jdbc:h2:file:~/apiplant.db'
2025-07-26 12:55:16,827 INFO o.a.j.l.DirectJDKLog {log} [main] Starting ProtocolHandler ["http-nio-8080"]
2025-07-26 12:55:16,849 INFO o.s.b.w.e.t.TomcatWebServer {start} [main] Tomcat started on port 8080 (http) with context path '/'
2025-07-26 12:55:16,860 INFO o.s.b.StartupInfoLogger {logStarted} [main] Started ApiPlantApplication in 3.375 seconds (process running for 3.58)
2025-07-26 12:55:28,817 INFO o.a.j.l.DirectJDKLog {log} [http-nio-8080-exec-1] Initializing Spring DispatcherServlet 'dispatcherServlet'
2025-07-26 12:55:28,818 INFO o.s.w.s.FrameworkServlet {initServletBean} [http-nio-8080-exec-1] Initializing Servlet 'dispatcherServlet'
2025-07-26 12:55:28,819 INFO o.s.w.s.FrameworkServlet {initServletBean} [http-nio-8080-exec-1] Completed initialization in 1 ms
2025-07-26 13:13:01,470 INFO o.s.b.w.e.t.GracefulShutdown {shutDownGracefully} [SpringApplicationShutdownHook] Commencing graceful shutdown. Waiting for active requests to complete
2025-07-26 13:13:01,544 INFO o.s.b.w.e.t.GracefulShutdown {doShutdown} [tomcat-shutdown] Graceful shutdown complete
2025-07-26 13:13:01,547 INFO o.s.o.j.AbstractEntityManagerFactoryBean {destroy} [SpringApplicationShutdownHook] Closing JPA EntityManagerFactory for persistence unit 'default'
2025-07-26 13:13:01,548 INFO c.z.h.HikariDataSource {close} [SpringApplicationShutdownHook] HikariPool-1 - Shutdown initiated...
2025-07-26 13:13:01,551 INFO c.z.h.HikariDataSource {close} [SpringApplicationShutdownHook] HikariPool-1 - Shutdown completed.
2025-07-26 13:13:10,496 INFO o.h.v.i.u.Version {<clinit>} [background-preinit] HV000001: Hibernate Validator 8.0.2.Final
2025-07-26 13:13:10,543 INFO o.s.b.StartupInfoLogger {logStarting} [main] Starting ApiPlantApplication using Java 17.0.12 with PID 9324 (C:\Users\maria\OneDrive\Desktop\ApiPlant\target\classes started by maria in C:\Users\maria\OneDrive\Desktop\ApiPlant)
2025-07-26 13:13:10,544 INFO o.s.b.SpringApplication {logStartupProfileInfo} [main] No active profile set, falling back to 1 default profile: "default"
2025-07-26 13:13:10,937 INFO o.s.d.r.c.RepositoryConfigurationDelegate {registerRepositoriesIn} [main] Bootstrapping Spring Data JPA repositories in DEFAULT mode.
2025-07-26 13:13:10,988 INFO o.s.d.r.c.RepositoryConfigurationDelegate {registerRepositoriesIn} [main] Finished Spring Data repository scanning in 44 ms. Found 5 JPA repository interfaces.
2025-07-26 13:13:11,364 INFO o.s.b.w.e.t.TomcatWebServer {initialize} [main] Tomcat initialized with port 8080 (http)
2025-07-26 13:13:11,374 INFO o.a.j.l.DirectJDKLog {log} [main] Initializing ProtocolHandler ["http-nio-8080"]
2025-07-26 13:13:11,377 INFO o.a.j.l.DirectJDKLog {log} [main] Starting service [Tomcat]
2025-07-26 13:13:11,377 INFO o.a.j.l.DirectJDKLog {log} [main] Starting Servlet engine: [Apache Tomcat/10.1.42]
2025-07-26 13:13:11,421 INFO o.a.j.l.DirectJDKLog {log} [main] Initializing Spring embedded WebApplicationContext
2025-07-26 13:13:11,423 INFO o.s.b.w.s.c.ServletWebServerApplicationContext {prepareWebApplicationContext} [main] Root WebApplicationContext: initialization completed in 851 ms
2025-07-26 13:13:11,529 INFO o.h.j.i.u.LogHelper {logPersistenceUnitInformation} [main] HHH000204: Processing PersistenceUnitInfo [name: default]
2025-07-26 13:13:11,563 INFO o.h.Version {logVersion} [main] HHH000412: Hibernate ORM core version 6.6.18.Final
2025-07-26 13:13:11,593 INFO o.h.c.i.RegionFactoryInitiator {initiateService} [main] HHH000026: Second-level cache disabled
2025-07-26 13:13:11,821 INFO o.s.o.j.p.SpringPersistenceUnitInfo {addTransformer} [main] No LoadTimeWeaver setup: ignoring JPA class transformer
2025-07-26 13:13:11,839 INFO c.z.h.HikariDataSource {getConnection} [main] HikariPool-1 - Starting...
2025-07-26 13:13:12,005 INFO c.z.h.p.HikariPool {checkFailFast} [main] HikariPool-1 - Added connection conn0: url=jdbc:h2:file:~/apiplant.db user=SA
2025-07-26 13:13:12,007 INFO c.z.h.HikariDataSource {getConnection} [main] HikariPool-1 - Start completed.
2025-07-26 13:13:12,026 WARN o.h.e.j.d.i.DialectFactoryImpl {constructDialect} [main] HHH90000025: H2Dialect does not need to be specified explicitly using 'hibernate.dialect' (remove the property setting and it will be selected by default)
2025-07-26 13:13:12,045 INFO o.h.e.j.e.i.JdbcEnvironmentInitiator {logConnectionInfo} [main] HHH10001005: Database info:
	Database JDBC URL [Connecting through datasource 'HikariDataSource (HikariPool-1)']
	Database driver: undefined/unknown
	Database version: 2.3.232
	Autocommit mode: undefined/unknown
	Isolation level: undefined/unknown
	Minimum pool size: undefined/unknown
	Maximum pool size: undefined/unknown
2025-07-26 13:13:12,762 INFO o.h.e.t.j.p.i.JtaPlatformInitiator {initiateService} [main] HHH000489: No JTA platform available (set 'hibernate.transaction.jta.platform' to enable JTA platform integration)
2025-07-26 13:13:12,818 INFO o.s.o.j.AbstractEntityManagerFactoryBean {buildNativeEntityManagerFactory} [main] Initialized JPA EntityManagerFactory for persistence unit 'default'
2025-07-26 13:13:13,118 WARN o.s.b.a.o.j.JpaBaseConfiguration$JpaWebConfiguration {openEntityManagerInViewInterceptor} [main] spring.jpa.open-in-view is enabled by default. Therefore, database queries may be performed during view rendering. Explicitly configure spring.jpa.open-in-view to disable this warning
2025-07-26 13:13:13,305 INFO o.s.b.a.h.H2ConsoleAutoConfiguration$H2ConsoleLogger {log} [main] H2 console available at '/h2-console'. Database available at 'jdbc:h2:file:~/apiplant.db'
2025-07-26 13:13:13,348 INFO o.a.j.l.DirectJDKLog {log} [main] Starting ProtocolHandler ["http-nio-8080"]
2025-07-26 13:13:13,364 INFO o.s.b.w.e.t.TomcatWebServer {start} [main] Tomcat started on port 8080 (http) with context path '/'
2025-07-26 13:13:13,370 INFO o.s.b.StartupInfoLogger {logStarted} [main] Started ApiPlantApplication in 3.148 seconds (process running for 3.347)
2025-07-26 13:13:20,948 INFO o.a.j.l.DirectJDKLog {log} [http-nio-8080-exec-2] Initializing Spring DispatcherServlet 'dispatcherServlet'
2025-07-26 13:13:20,949 INFO o.s.w.s.FrameworkServlet {initServletBean} [http-nio-8080-exec-2] Initializing Servlet 'dispatcherServlet'
2025-07-26 13:13:20,950 INFO o.s.w.s.FrameworkServlet {initServletBean} [http-nio-8080-exec-2] Completed initialization in 1 ms
2025-07-26 13:18:40,934 INFO o.s.b.w.e.t.GracefulShutdown {shutDownGracefully} [SpringApplicationShutdownHook] Commencing graceful shutdown. Waiting for active requests to complete
2025-07-26 13:18:41,005 INFO o.s.b.w.e.t.GracefulShutdown {doShutdown} [tomcat-shutdown] Graceful shutdown complete
2025-07-26 13:18:41,008 INFO o.s.o.j.AbstractEntityManagerFactoryBean {destroy} [SpringApplicationShutdownHook] Closing JPA EntityManagerFactory for persistence unit 'default'
2025-07-26 13:18:41,011 INFO c.z.h.HikariDataSource {close} [SpringApplicationShutdownHook] HikariPool-1 - Shutdown initiated...
2025-07-26 13:18:41,014 INFO c.z.h.HikariDataSource {close} [SpringApplicationShutdownHook] HikariPool-1 - Shutdown completed.
2025-07-26 13:18:49,381 INFO o.h.v.i.u.Version {<clinit>} [background-preinit] HV000001: Hibernate Validator 8.0.2.Final
2025-07-26 13:18:49,427 INFO o.s.b.StartupInfoLogger {logStarting} [main] Starting ApiPlantApplication using Java 17.0.12 with PID 20684 (C:\Users\maria\OneDrive\Desktop\ApiPlant\target\classes started by maria in C:\Users\maria\OneDrive\Desktop\ApiPlant)
2025-07-26 13:18:49,429 INFO o.s.b.SpringApplication {logStartupProfileInfo} [main] No active profile set, falling back to 1 default profile: "default"
2025-07-26 13:18:49,814 INFO o.s.d.r.c.RepositoryConfigurationDelegate {registerRepositoriesIn} [main] Bootstrapping Spring Data JPA repositories in DEFAULT mode.
2025-07-26 13:18:49,859 INFO o.s.d.r.c.RepositoryConfigurationDelegate {registerRepositoriesIn} [main] Finished Spring Data repository scanning in 37 ms. Found 5 JPA repository interfaces.
2025-07-26 13:18:50,223 INFO o.s.b.w.e.t.TomcatWebServer {initialize} [main] Tomcat initialized with port 8080 (http)
2025-07-26 13:18:50,230 INFO o.a.j.l.DirectJDKLog {log} [main] Initializing ProtocolHandler ["http-nio-8080"]
2025-07-26 13:18:50,234 INFO o.a.j.l.DirectJDKLog {log} [main] Starting service [Tomcat]
2025-07-26 13:18:50,234 INFO o.a.j.l.DirectJDKLog {log} [main] Starting Servlet engine: [Apache Tomcat/10.1.42]
2025-07-26 13:18:50,276 INFO o.a.j.l.DirectJDKLog {log} [main] Initializing Spring embedded WebApplicationContext
2025-07-26 13:18:50,277 INFO o.s.b.w.s.c.ServletWebServerApplicationContext {prepareWebApplicationContext} [main] Root WebApplicationContext: initialization completed in 807 ms
2025-07-26 13:18:50,381 INFO o.h.j.i.u.LogHelper {logPersistenceUnitInformation} [main] HHH000204: Processing PersistenceUnitInfo [name: default]
2025-07-26 13:18:50,412 INFO o.h.Version {logVersion} [main] HHH000412: Hibernate ORM core version 6.6.18.Final
2025-07-26 13:18:50,433 INFO o.h.c.i.RegionFactoryInitiator {initiateService} [main] HHH000026: Second-level cache disabled
2025-07-26 13:18:50,617 INFO o.s.o.j.p.SpringPersistenceUnitInfo {addTransformer} [main] No LoadTimeWeaver setup: ignoring JPA class transformer
2025-07-26 13:18:50,637 INFO c.z.h.HikariDataSource {getConnection} [main] HikariPool-1 - Starting...
2025-07-26 13:18:50,803 INFO c.z.h.p.HikariPool {checkFailFast} [main] HikariPool-1 - Added connection conn0: url=jdbc:h2:file:~/apiplant.db user=SA
2025-07-26 13:18:50,804 INFO c.z.h.HikariDataSource {getConnection} [main] HikariPool-1 - Start completed.
2025-07-26 13:18:50,820 WARN o.h.e.j.d.i.DialectFactoryImpl {constructDialect} [main] HHH90000025: H2Dialect does not need to be specified explicitly using 'hibernate.dialect' (remove the property setting and it will be selected by default)
2025-07-26 13:18:50,836 INFO o.h.e.j.e.i.JdbcEnvironmentInitiator {logConnectionInfo} [main] HHH10001005: Database info:
	Database JDBC URL [Connecting through datasource 'HikariDataSource (HikariPool-1)']
	Database driver: undefined/unknown
	Database version: 2.3.232
	Autocommit mode: undefined/unknown
	Isolation level: undefined/unknown
	Minimum pool size: undefined/unknown
	Maximum pool size: undefined/unknown
2025-07-26 13:18:51,500 INFO o.h.e.t.j.p.i.JtaPlatformInitiator {initiateService} [main] HHH000489: No JTA platform available (set 'hibernate.transaction.jta.platform' to enable JTA platform integration)
2025-07-26 13:18:51,547 INFO o.s.o.j.AbstractEntityManagerFactoryBean {buildNativeEntityManagerFactory} [main] Initialized JPA EntityManagerFactory for persistence unit 'default'
2025-07-26 13:18:51,839 WARN o.s.b.a.o.j.JpaBaseConfiguration$JpaWebConfiguration {openEntityManagerInViewInterceptor} [main] spring.jpa.open-in-view is enabled by default. Therefore, database queries may be performed during view rendering. Explicitly configure spring.jpa.open-in-view to disable this warning
2025-07-26 13:18:52,020 INFO o.s.b.a.h.H2ConsoleAutoConfiguration$H2ConsoleLogger {log} [main] H2 console available at '/h2-console'. Database available at 'jdbc:h2:file:~/apiplant.db'
2025-07-26 13:18:52,055 INFO o.a.j.l.DirectJDKLog {log} [main] Starting ProtocolHandler ["http-nio-8080"]
2025-07-26 13:18:52,071 INFO o.s.b.w.e.t.TomcatWebServer {start} [main] Tomcat started on port 8080 (http) with context path '/'
2025-07-26 13:18:52,078 INFO o.s.b.StartupInfoLogger {logStarted} [main] Started ApiPlantApplication in 2.978 seconds (process running for 3.179)
2025-07-26 13:18:59,005 INFO o.a.j.l.DirectJDKLog {log} [http-nio-8080-exec-5] Initializing Spring DispatcherServlet 'dispatcherServlet'
2025-07-26 13:18:59,005 INFO o.s.w.s.FrameworkServlet {initServletBean} [http-nio-8080-exec-5] Initializing Servlet 'dispatcherServlet'
2025-07-26 13:18:59,007 INFO o.s.w.s.FrameworkServlet {initServletBean} [http-nio-8080-exec-5] Completed initialization in 1 ms
2025-07-26 13:27:00,359 WARN o.s.w.s.h.AbstractHandlerExceptionResolver {logException} [http-nio-8080-exec-5] Resolved [org.springframework.web.method.annotation.MethodArgumentTypeMismatchException: Method parameter 'esInterior': Failed to convert value of type 'java.lang.String' to required type 'java.lang.Boolean'; Invalid boolean value [fsdgsdfg]]
2025-07-26 13:29:48,972 INFO o.s.b.w.e.t.GracefulShutdown {shutDownGracefully} [SpringApplicationShutdownHook] Commencing graceful shutdown. Waiting for active requests to complete
2025-07-26 13:29:49,045 INFO o.s.b.w.e.t.GracefulShutdown {doShutdown} [tomcat-shutdown] Graceful shutdown complete
2025-07-26 13:29:49,050 INFO o.s.o.j.AbstractEntityManagerFactoryBean {destroy} [SpringApplicationShutdownHook] Closing JPA EntityManagerFactory for persistence unit 'default'
2025-07-26 13:29:49,052 INFO c.z.h.HikariDataSource {close} [SpringApplicationShutdownHook] HikariPool-1 - Shutdown initiated...
2025-07-26 13:29:49,055 INFO c.z.h.HikariDataSource {close} [SpringApplicationShutdownHook] HikariPool-1 - Shutdown completed.
2025-07-26 13:29:57,762 INFO o.h.v.i.u.Version {<clinit>} [background-preinit] HV000001: Hibernate Validator 8.0.2.Final
2025-07-26 13:29:57,840 INFO o.s.b.StartupInfoLogger {logStarting} [main] Starting ApiPlantApplication using Java 17.0.12 with PID 20516 (C:\Users\maria\OneDrive\Desktop\ApiPlant\target\classes started by maria in C:\Users\maria\OneDrive\Desktop\ApiPlant)
2025-07-26 13:29:57,842 INFO o.s.b.SpringApplication {logStartupProfileInfo} [main] No active profile set, falling back to 1 default profile: "default"
2025-07-26 13:29:58,605 INFO o.s.d.r.c.RepositoryConfigurationDelegate {registerRepositoriesIn} [main] Bootstrapping Spring Data JPA repositories in DEFAULT mode.
2025-07-26 13:29:58,691 INFO o.s.d.r.c.RepositoryConfigurationDelegate {registerRepositoriesIn} [main] Finished Spring Data repository scanning in 75 ms. Found 5 JPA repository interfaces.
2025-07-26 13:29:59,328 INFO o.s.b.w.e.t.TomcatWebServer {initialize} [main] Tomcat initialized with port 8080 (http)
2025-07-26 13:29:59,341 INFO o.a.j.l.DirectJDKLog {log} [main] Initializing ProtocolHandler ["http-nio-8080"]
2025-07-26 13:29:59,344 INFO o.a.j.l.DirectJDKLog {log} [main] Starting service [Tomcat]
2025-07-26 13:29:59,344 INFO o.a.j.l.DirectJDKLog {log} [main] Starting Servlet engine: [Apache Tomcat/10.1.42]
2025-07-26 13:29:59,409 INFO o.a.j.l.DirectJDKLog {log} [main] Initializing Spring embedded WebApplicationContext
2025-07-26 13:29:59,411 INFO o.s.b.w.s.c.ServletWebServerApplicationContext {prepareWebApplicationContext} [main] Root WebApplicationContext: initialization completed in 1515 ms
2025-07-26 13:29:59,573 INFO o.h.j.i.u.LogHelper {logPersistenceUnitInformation} [main] HHH000204: Processing PersistenceUnitInfo [name: default]
2025-07-26 13:29:59,624 INFO o.h.Version {logVersion} [main] HHH000412: Hibernate ORM core version 6.6.18.Final
2025-07-26 13:29:59,660 INFO o.h.c.i.RegionFactoryInitiator {initiateService} [main] HHH000026: Second-level cache disabled
2025-07-26 13:29:59,942 INFO o.s.o.j.p.SpringPersistenceUnitInfo {addTransformer} [main] No LoadTimeWeaver setup: ignoring JPA class transformer
2025-07-26 13:29:59,974 INFO c.z.h.HikariDataSource {getConnection} [main] HikariPool-1 - Starting...
2025-07-26 13:30:00,222 INFO c.z.h.p.HikariPool {checkFailFast} [main] HikariPool-1 - Added connection conn0: url=jdbc:h2:file:~/apiplant.db user=SA
2025-07-26 13:30:00,223 INFO c.z.h.HikariDataSource {getConnection} [main] HikariPool-1 - Start completed.
2025-07-26 13:30:00,248 WARN o.h.e.j.d.i.DialectFactoryImpl {constructDialect} [main] HHH90000025: H2Dialect does not need to be specified explicitly using 'hibernate.dialect' (remove the property setting and it will be selected by default)
2025-07-26 13:30:00,273 INFO o.h.e.j.e.i.JdbcEnvironmentInitiator {logConnectionInfo} [main] HHH10001005: Database info:
	Database JDBC URL [Connecting through datasource 'HikariDataSource (HikariPool-1)']
	Database driver: undefined/unknown
	Database version: 2.3.232
	Autocommit mode: undefined/unknown
	Isolation level: undefined/unknown
	Minimum pool size: undefined/unknown
	Maximum pool size: undefined/unknown
2025-07-26 13:30:01,250 INFO o.h.e.t.j.p.i.JtaPlatformInitiator {initiateService} [main] HHH000489: No JTA platform available (set 'hibernate.transaction.jta.platform' to enable JTA platform integration)
2025-07-26 13:30:01,315 INFO o.s.o.j.AbstractEntityManagerFactoryBean {buildNativeEntityManagerFactory} [main] Initialized JPA EntityManagerFactory for persistence unit 'default'
2025-07-26 13:30:01,760 WARN o.s.b.a.o.j.JpaBaseConfiguration$JpaWebConfiguration {openEntityManagerInViewInterceptor} [main] spring.jpa.open-in-view is enabled by default. Therefore, database queries may be performed during view rendering. Explicitly configure spring.jpa.open-in-view to disable this warning
2025-07-26 13:30:02,043 INFO o.s.b.a.h.H2ConsoleAutoConfiguration$H2ConsoleLogger {log} [main] H2 console available at '/h2-console'. Database available at 'jdbc:h2:file:~/apiplant.db'
2025-07-26 13:30:02,097 INFO o.a.j.l.DirectJDKLog {log} [main] Starting ProtocolHandler ["http-nio-8080"]
2025-07-26 13:30:02,118 INFO o.s.b.w.e.t.TomcatWebServer {start} [main] Tomcat started on port 8080 (http) with context path '/'
2025-07-26 13:30:02,129 INFO o.s.b.StartupInfoLogger {logStarted} [main] Started ApiPlantApplication in 4.863 seconds (process running for 5.247)
2025-07-26 13:30:12,274 INFO o.a.j.l.DirectJDKLog {log} [http-nio-8080-exec-1] Initializing Spring DispatcherServlet 'dispatcherServlet'
2025-07-26 13:30:12,275 INFO o.s.w.s.FrameworkServlet {initServletBean} [http-nio-8080-exec-1] Initializing Servlet 'dispatcherServlet'
2025-07-26 13:30:12,276 INFO o.s.w.s.FrameworkServlet {initServletBean} [http-nio-8080-exec-1] Completed initialization in 1 ms
2025-07-26 13:47:42,599 INFO o.s.b.w.e.t.GracefulShutdown {shutDownGracefully} [SpringApplicationShutdownHook] Commencing graceful shutdown. Waiting for active requests to complete
2025-07-26 13:47:42,672 INFO o.s.b.w.e.t.GracefulShutdown {doShutdown} [tomcat-shutdown] Graceful shutdown complete
2025-07-26 13:47:42,674 INFO o.s.o.j.AbstractEntityManagerFactoryBean {destroy} [SpringApplicationShutdownHook] Closing JPA EntityManagerFactory for persistence unit 'default'
2025-07-26 13:47:42,676 INFO c.z.h.HikariDataSource {close} [SpringApplicationShutdownHook] HikariPool-1 - Shutdown initiated...
2025-07-26 13:47:42,678 INFO c.z.h.HikariDataSource {close} [SpringApplicationShutdownHook] HikariPool-1 - Shutdown completed.
2025-07-26 13:47:52,962 INFO o.h.v.i.u.Version {<clinit>} [background-preinit] HV000001: Hibernate Validator 8.0.2.Final
2025-07-26 13:47:53,007 INFO o.s.b.StartupInfoLogger {logStarting} [main] Starting ApiPlantApplication using Java 17.0.12 with PID 19744 (C:\Users\maria\OneDrive\Desktop\ApiPlant\target\classes started by maria in C:\Users\maria\OneDrive\Desktop\ApiPlant)
2025-07-26 13:47:53,008 INFO o.s.b.SpringApplication {logStartupProfileInfo} [main] No active profile set, falling back to 1 default profile: "default"
2025-07-26 13:47:53,397 INFO o.s.d.r.c.RepositoryConfigurationDelegate {registerRepositoriesIn} [main] Bootstrapping Spring Data JPA repositories in DEFAULT mode.
2025-07-26 13:47:53,446 INFO o.s.d.r.c.RepositoryConfigurationDelegate {registerRepositoriesIn} [main] Finished Spring Data repository scanning in 40 ms. Found 5 JPA repository interfaces.
2025-07-26 13:47:53,813 INFO o.s.b.w.e.t.TomcatWebServer {initialize} [main] Tomcat initialized with port 8080 (http)
2025-07-26 13:47:53,821 INFO o.a.j.l.DirectJDKLog {log} [main] Initializing ProtocolHandler ["http-nio-8080"]
2025-07-26 13:47:53,824 INFO o.a.j.l.DirectJDKLog {log} [main] Starting service [Tomcat]
2025-07-26 13:47:53,826 INFO o.a.j.l.DirectJDKLog {log} [main] Starting Servlet engine: [Apache Tomcat/10.1.42]
2025-07-26 13:47:53,871 INFO o.a.j.l.DirectJDKLog {log} [main] Initializing Spring embedded WebApplicationContext
2025-07-26 13:47:53,873 INFO o.s.b.w.s.c.ServletWebServerApplicationContext {prepareWebApplicationContext} [main] Root WebApplicationContext: initialization completed in 835 ms
2025-07-26 13:47:53,970 INFO o.h.j.i.u.LogHelper {logPersistenceUnitInformation} [main] HHH000204: Processing PersistenceUnitInfo [name: default]
2025-07-26 13:47:54,006 INFO o.h.Version {logVersion} [main] HHH000412: Hibernate ORM core version 6.6.18.Final
2025-07-26 13:47:54,029 INFO o.h.c.i.RegionFactoryInitiator {initiateService} [main] HHH000026: Second-level cache disabled
2025-07-26 13:47:54,214 INFO o.s.o.j.p.SpringPersistenceUnitInfo {addTransformer} [main] No LoadTimeWeaver setup: ignoring JPA class transformer
2025-07-26 13:47:54,236 INFO c.z.h.HikariDataSource {getConnection} [main] HikariPool-1 - Starting...
2025-07-26 13:47:54,416 INFO c.z.h.p.HikariPool {checkFailFast} [main] HikariPool-1 - Added connection conn0: url=jdbc:h2:file:~/apiplant.db user=SA
2025-07-26 13:47:54,418 INFO c.z.h.HikariDataSource {getConnection} [main] HikariPool-1 - Start completed.
2025-07-26 13:47:54,436 WARN o.h.e.j.d.i.DialectFactoryImpl {constructDialect} [main] HHH90000025: H2Dialect does not need to be specified explicitly using 'hibernate.dialect' (remove the property setting and it will be selected by default)
2025-07-26 13:47:54,455 INFO o.h.e.j.e.i.JdbcEnvironmentInitiator {logConnectionInfo} [main] HHH10001005: Database info:
	Database JDBC URL [Connecting through datasource 'HikariDataSource (HikariPool-1)']
	Database driver: undefined/unknown
	Database version: 2.3.232
	Autocommit mode: undefined/unknown
	Isolation level: undefined/unknown
	Minimum pool size: undefined/unknown
	Maximum pool size: undefined/unknown
2025-07-26 13:47:55,308 INFO o.h.e.t.j.p.i.JtaPlatformInitiator {initiateService} [main] HHH000489: No JTA platform available (set 'hibernate.transaction.jta.platform' to enable JTA platform integration)
2025-07-26 13:47:55,375 INFO o.s.o.j.AbstractEntityManagerFactoryBean {buildNativeEntityManagerFactory} [main] Initialized JPA EntityManagerFactory for persistence unit 'default'
2025-07-26 13:47:55,791 WARN o.s.b.a.o.j.JpaBaseConfiguration$JpaWebConfiguration {openEntityManagerInViewInterceptor} [main] spring.jpa.open-in-view is enabled by default. Therefore, database queries may be performed during view rendering. Explicitly configure spring.jpa.open-in-view to disable this warning
2025-07-26 13:47:56,066 INFO o.s.b.a.h.H2ConsoleAutoConfiguration$H2ConsoleLogger {log} [main] H2 console available at '/h2-console'. Database available at 'jdbc:h2:file:~/apiplant.db'
2025-07-26 13:47:56,122 INFO o.a.j.l.DirectJDKLog {log} [main] Starting ProtocolHandler ["http-nio-8080"]
2025-07-26 13:47:56,141 INFO o.s.b.w.e.t.TomcatWebServer {start} [main] Tomcat started on port 8080 (http) with context path '/'
2025-07-26 13:47:56,152 INFO o.s.b.StartupInfoLogger {logStarted} [main] Started ApiPlantApplication in 3.474 seconds (process running for 3.681)
2025-07-26 13:48:10,726 INFO o.a.j.l.DirectJDKLog {log} [http-nio-8080-exec-1] Initializing Spring DispatcherServlet 'dispatcherServlet'
2025-07-26 13:48:10,726 INFO o.s.w.s.FrameworkServlet {initServletBean} [http-nio-8080-exec-1] Initializing Servlet 'dispatcherServlet'
2025-07-26 13:48:10,727 INFO o.s.w.s.FrameworkServlet {initServletBean} [http-nio-8080-exec-1] Completed initialization in 0 ms
2025-07-26 14:05:01,908 INFO o.s.b.w.e.t.GracefulShutdown {shutDownGracefully} [SpringApplicationShutdownHook] Commencing graceful shutdown. Waiting for active requests to complete
2025-07-26 14:05:01,983 INFO o.s.b.w.e.t.GracefulShutdown {doShutdown} [tomcat-shutdown] Graceful shutdown complete
2025-07-26 14:05:01,986 INFO o.s.o.j.AbstractEntityManagerFactoryBean {destroy} [SpringApplicationShutdownHook] Closing JPA EntityManagerFactory for persistence unit 'default'
2025-07-26 14:05:01,989 INFO c.z.h.HikariDataSource {close} [SpringApplicationShutdownHook] HikariPool-1 - Shutdown initiated...
2025-07-26 14:05:01,991 INFO c.z.h.HikariDataSource {close} [SpringApplicationShutdownHook] HikariPool-1 - Shutdown completed.
2025-07-26 14:05:12,349 INFO o.h.v.i.u.Version {<clinit>} [background-preinit] HV000001: Hibernate Validator 8.0.2.Final
2025-07-26 14:05:12,431 INFO o.s.b.StartupInfoLogger {logStarting} [main] Starting ApiPlantApplication using Java 17.0.12 with PID 20292 (C:\Users\maria\OneDrive\Desktop\ApiPlant\target\classes started by maria in C:\Users\maria\OneDrive\Desktop\ApiPlant)
2025-07-26 14:05:12,433 INFO o.s.b.SpringApplication {logStartupProfileInfo} [main] No active profile set, falling back to 1 default profile: "default"
2025-07-26 14:05:13,158 INFO o.s.d.r.c.RepositoryConfigurationDelegate {registerRepositoriesIn} [main] Bootstrapping Spring Data JPA repositories in DEFAULT mode.
2025-07-26 14:05:13,238 INFO o.s.d.r.c.RepositoryConfigurationDelegate {registerRepositoriesIn} [main] Finished Spring Data repository scanning in 68 ms. Found 5 JPA repository interfaces.
2025-07-26 14:05:13,800 INFO o.s.b.w.e.t.TomcatWebServer {initialize} [main] Tomcat initialized with port 8080 (http)
2025-07-26 14:05:13,814 INFO o.a.j.l.DirectJDKLog {log} [main] Initializing ProtocolHandler ["http-nio-8080"]
2025-07-26 14:05:13,816 INFO o.a.j.l.DirectJDKLog {log} [main] Starting service [Tomcat]
2025-07-26 14:05:13,817 INFO o.a.j.l.DirectJDKLog {log} [main] Starting Servlet engine: [Apache Tomcat/10.1.42]
2025-07-26 14:05:13,873 INFO o.a.j.l.DirectJDKLog {log} [main] Initializing Spring embedded WebApplicationContext
2025-07-26 14:05:13,875 INFO o.s.b.w.s.c.ServletWebServerApplicationContext {prepareWebApplicationContext} [main] Root WebApplicationContext: initialization completed in 1391 ms
2025-07-26 14:05:14,024 INFO o.h.j.i.u.LogHelper {logPersistenceUnitInformation} [main] HHH000204: Processing PersistenceUnitInfo [name: default]
2025-07-26 14:05:14,070 INFO o.h.Version {logVersion} [main] HHH000412: Hibernate ORM core version 6.6.18.Final
2025-07-26 14:05:14,103 INFO o.h.c.i.RegionFactoryInitiator {initiateService} [main] HHH000026: Second-level cache disabled
2025-07-26 14:05:14,360 INFO o.s.o.j.p.SpringPersistenceUnitInfo {addTransformer} [main] No LoadTimeWeaver setup: ignoring JPA class transformer
2025-07-26 14:05:14,392 INFO c.z.h.HikariDataSource {getConnection} [main] HikariPool-1 - Starting...
2025-07-26 14:05:14,635 INFO c.z.h.p.HikariPool {checkFailFast} [main] HikariPool-1 - Added connection conn0: url=jdbc:h2:file:~/apiplant.db user=SA
2025-07-26 14:05:14,637 INFO c.z.h.HikariDataSource {getConnection} [main] HikariPool-1 - Start completed.
2025-07-26 14:05:14,662 WARN o.h.e.j.d.i.DialectFactoryImpl {constructDialect} [main] HHH90000025: H2Dialect does not need to be specified explicitly using 'hibernate.dialect' (remove the property setting and it will be selected by default)
2025-07-26 14:05:14,690 INFO o.h.e.j.e.i.JdbcEnvironmentInitiator {logConnectionInfo} [main] HHH10001005: Database info:
	Database JDBC URL [Connecting through datasource 'HikariDataSource (HikariPool-1)']
	Database driver: undefined/unknown
	Database version: 2.3.232
	Autocommit mode: undefined/unknown
	Isolation level: undefined/unknown
	Minimum pool size: undefined/unknown
	Maximum pool size: undefined/unknown
2025-07-26 14:05:15,742 INFO o.h.e.t.j.p.i.JtaPlatformInitiator {initiateService} [main] HHH000489: No JTA platform available (set 'hibernate.transaction.jta.platform' to enable JTA platform integration)
2025-07-26 14:05:15,810 INFO o.s.o.j.AbstractEntityManagerFactoryBean {buildNativeEntityManagerFactory} [main] Initialized JPA EntityManagerFactory for persistence unit 'default'
2025-07-26 14:05:16,214 WARN o.s.b.a.o.j.JpaBaseConfiguration$JpaWebConfiguration {openEntityManagerInViewInterceptor} [main] spring.jpa.open-in-view is enabled by default. Therefore, database queries may be performed during view rendering. Explicitly configure spring.jpa.open-in-view to disable this warning
2025-07-26 14:05:16,471 INFO o.s.b.a.h.H2ConsoleAutoConfiguration$H2ConsoleLogger {log} [main] H2 console available at '/h2-console'. Database available at 'jdbc:h2:file:~/apiplant.db'
2025-07-26 14:05:16,521 INFO o.a.j.l.DirectJDKLog {log} [main] Starting ProtocolHandler ["http-nio-8080"]
2025-07-26 14:05:16,549 INFO o.s.b.w.e.t.TomcatWebServer {start} [main] Tomcat started on port 8080 (http) with context path '/'
2025-07-26 14:05:16,558 INFO o.s.b.StartupInfoLogger {logStarted} [main] Started ApiPlantApplication in 4.768 seconds (process running for 5.197)
2025-07-26 14:05:30,830 INFO o.a.j.l.DirectJDKLog {log} [http-nio-8080-exec-1] Initializing Spring DispatcherServlet 'dispatcherServlet'
2025-07-26 14:05:30,831 INFO o.s.w.s.FrameworkServlet {initServletBean} [http-nio-8080-exec-1] Initializing Servlet 'dispatcherServlet'
2025-07-26 14:05:30,832 INFO o.s.w.s.FrameworkServlet {initServletBean} [http-nio-8080-exec-1] Completed initialization in 0 ms
2025-07-26 14:14:50,822 INFO o.s.b.w.e.t.GracefulShutdown {shutDownGracefully} [SpringApplicationShutdownHook] Commencing graceful shutdown. Waiting for active requests to complete
2025-07-26 14:14:50,901 INFO o.s.b.w.e.t.GracefulShutdown {doShutdown} [tomcat-shutdown] Graceful shutdown complete
2025-07-26 14:14:50,904 INFO o.s.o.j.AbstractEntityManagerFactoryBean {destroy} [SpringApplicationShutdownHook] Closing JPA EntityManagerFactory for persistence unit 'default'
2025-07-26 14:14:50,907 INFO c.z.h.HikariDataSource {close} [SpringApplicationShutdownHook] HikariPool-1 - Shutdown initiated...
2025-07-26 14:14:50,908 INFO c.z.h.HikariDataSource {close} [SpringApplicationShutdownHook] HikariPool-1 - Shutdown completed.
2025-07-26 14:14:59,922 INFO o.h.v.i.u.Version {<clinit>} [background-preinit] HV000001: Hibernate Validator 8.0.2.Final
2025-07-26 14:14:59,965 INFO o.s.b.StartupInfoLogger {logStarting} [main] Starting ApiPlantApplication using Java 17.0.12 with PID 2368 (C:\Users\maria\OneDrive\Desktop\ApiPlant\target\classes started by maria in C:\Users\maria\OneDrive\Desktop\ApiPlant)
2025-07-26 14:14:59,966 INFO o.s.b.SpringApplication {logStartupProfileInfo} [main] No active profile set, falling back to 1 default profile: "default"
2025-07-26 14:15:00,355 INFO o.s.d.r.c.RepositoryConfigurationDelegate {registerRepositoriesIn} [main] Bootstrapping Spring Data JPA repositories in DEFAULT mode.
2025-07-26 14:15:00,404 INFO o.s.d.r.c.RepositoryConfigurationDelegate {registerRepositoriesIn} [main] Finished Spring Data repository scanning in 42 ms. Found 5 JPA repository interfaces.
2025-07-26 14:15:00,759 INFO o.s.b.w.e.t.TomcatWebServer {initialize} [main] Tomcat initialized with port 8080 (http)
2025-07-26 14:15:00,767 INFO o.a.j.l.DirectJDKLog {log} [main] Initializing ProtocolHandler ["http-nio-8080"]
2025-07-26 14:15:00,769 INFO o.a.j.l.DirectJDKLog {log} [main] Starting service [Tomcat]
2025-07-26 14:15:00,770 INFO o.a.j.l.DirectJDKLog {log} [main] Starting Servlet engine: [Apache Tomcat/10.1.42]
2025-07-26 14:15:00,811 INFO o.a.j.l.DirectJDKLog {log} [main] Initializing Spring embedded WebApplicationContext
2025-07-26 14:15:00,813 INFO o.s.b.w.s.c.ServletWebServerApplicationContext {prepareWebApplicationContext} [main] Root WebApplicationContext: initialization completed in 819 ms
2025-07-26 14:15:00,913 INFO o.h.j.i.u.LogHelper {logPersistenceUnitInformation} [main] HHH000204: Processing PersistenceUnitInfo [name: default]
2025-07-26 14:15:00,949 INFO o.h.Version {logVersion} [main] HHH000412: Hibernate ORM core version 6.6.18.Final
2025-07-26 14:15:00,977 INFO o.h.c.i.RegionFactoryInitiator {initiateService} [main] HHH000026: Second-level cache disabled
2025-07-26 14:15:01,159 INFO o.s.o.j.p.SpringPersistenceUnitInfo {addTransformer} [main] No LoadTimeWeaver setup: ignoring JPA class transformer
2025-07-26 14:15:01,181 INFO c.z.h.HikariDataSource {getConnection} [main] HikariPool-1 - Starting...
2025-07-26 14:15:01,344 INFO c.z.h.p.HikariPool {checkFailFast} [main] HikariPool-1 - Added connection conn0: url=jdbc:h2:file:~/apiplant.db user=SA
2025-07-26 14:15:01,346 INFO c.z.h.HikariDataSource {getConnection} [main] HikariPool-1 - Start completed.
2025-07-26 14:15:01,362 WARN o.h.e.j.d.i.DialectFactoryImpl {constructDialect} [main] HHH90000025: H2Dialect does not need to be specified explicitly using 'hibernate.dialect' (remove the property setting and it will be selected by default)
2025-07-26 14:15:01,380 INFO o.h.e.j.e.i.JdbcEnvironmentInitiator {logConnectionInfo} [main] HHH10001005: Database info:
	Database JDBC URL [Connecting through datasource 'HikariDataSource (HikariPool-1)']
	Database driver: undefined/unknown
	Database version: 2.3.232
	Autocommit mode: undefined/unknown
	Isolation level: undefined/unknown
	Minimum pool size: undefined/unknown
	Maximum pool size: undefined/unknown
2025-07-26 14:15:02,095 INFO o.h.e.t.j.p.i.JtaPlatformInitiator {initiateService} [main] HHH000489: No JTA platform available (set 'hibernate.transaction.jta.platform' to enable JTA platform integration)
2025-07-26 14:15:02,141 INFO o.s.o.j.AbstractEntityManagerFactoryBean {buildNativeEntityManagerFactory} [main] Initialized JPA EntityManagerFactory for persistence unit 'default'
2025-07-26 14:15:02,441 WARN o.s.b.a.o.j.JpaBaseConfiguration$JpaWebConfiguration {openEntityManagerInViewInterceptor} [main] spring.jpa.open-in-view is enabled by default. Therefore, database queries may be performed during view rendering. Explicitly configure spring.jpa.open-in-view to disable this warning
2025-07-26 14:15:02,629 INFO o.s.b.a.h.H2ConsoleAutoConfiguration$H2ConsoleLogger {log} [main] H2 console available at '/h2-console'. Database available at 'jdbc:h2:file:~/apiplant.db'
2025-07-26 14:15:02,670 INFO o.a.j.l.DirectJDKLog {log} [main] Starting ProtocolHandler ["http-nio-8080"]
2025-07-26 14:15:02,690 INFO o.s.b.w.e.t.TomcatWebServer {start} [main] Tomcat started on port 8080 (http) with context path '/'
2025-07-26 14:15:02,696 INFO o.s.b.StartupInfoLogger {logStarted} [main] Started ApiPlantApplication in 3.056 seconds (process running for 3.268)
2025-07-26 14:18:58,346 INFO o.a.j.l.DirectJDKLog {log} [http-nio-8080-exec-1] Initializing Spring DispatcherServlet 'dispatcherServlet'
2025-07-26 14:18:58,347 INFO o.s.w.s.FrameworkServlet {initServletBean} [http-nio-8080-exec-1] Initializing Servlet 'dispatcherServlet'
2025-07-26 14:18:58,348 INFO o.s.w.s.FrameworkServlet {initServletBean} [http-nio-8080-exec-1] Completed initialization in 1 ms
2025-07-26 15:22:06,354 WARN c.z.h.p.HikariPool$HouseKeeper {run} [HikariPool-1 housekeeper] HikariPool-1 - Thread starvation or clock leap detected (housekeeper delta=48m4s818ms814µs200ns).
2025-07-26 15:27:12,738 INFO o.s.b.w.e.t.GracefulShutdown {shutDownGracefully} [SpringApplicationShutdownHook] Commencing graceful shutdown. Waiting for active requests to complete
2025-07-26 15:27:12,844 INFO o.s.b.w.e.t.GracefulShutdown {doShutdown} [tomcat-shutdown] Graceful shutdown complete
2025-07-26 15:27:12,847 INFO o.s.o.j.AbstractEntityManagerFactoryBean {destroy} [SpringApplicationShutdownHook] Closing JPA EntityManagerFactory for persistence unit 'default'
2025-07-26 15:27:12,850 INFO c.z.h.HikariDataSource {close} [SpringApplicationShutdownHook] HikariPool-1 - Shutdown initiated...
2025-07-26 15:27:12,851 INFO c.z.h.HikariDataSource {close} [SpringApplicationShutdownHook] HikariPool-1 - Shutdown completed.
2025-07-26 15:27:24,055 INFO o.h.v.i.u.Version {<clinit>} [background-preinit] HV000001: Hibernate Validator 8.0.2.Final
2025-07-26 15:27:24,129 INFO o.s.b.StartupInfoLogger {logStarting} [main] Starting ApiPlantApplication using Java 17.0.12 with PID 22288 (C:\Users\maria\OneDrive\Desktop\ApiPlant\target\classes started by maria in C:\Users\maria\OneDrive\Desktop\ApiPlant)
2025-07-26 15:27:24,131 INFO o.s.b.SpringApplication {logStartupProfileInfo} [main] No active profile set, falling back to 1 default profile: "default"
2025-07-26 15:27:24,875 INFO o.s.d.r.c.RepositoryConfigurationDelegate {registerRepositoriesIn} [main] Bootstrapping Spring Data JPA repositories in DEFAULT mode.
2025-07-26 15:27:25,008 INFO o.s.d.r.c.RepositoryConfigurationDelegate {registerRepositoriesIn} [main] Finished Spring Data repository scanning in 118 ms. Found 5 JPA repository interfaces.
2025-07-26 15:27:25,761 INFO o.s.b.w.e.t.TomcatWebServer {initialize} [main] Tomcat initialized with port 8080 (http)
2025-07-26 15:27:25,777 INFO o.a.j.l.DirectJDKLog {log} [main] Initializing ProtocolHandler ["http-nio-8080"]
2025-07-26 15:27:25,779 INFO o.a.j.l.DirectJDKLog {log} [main] Starting service [Tomcat]
2025-07-26 15:27:25,780 INFO o.a.j.l.DirectJDKLog {log} [main] Starting Servlet engine: [Apache Tomcat/10.1.42]
2025-07-26 15:27:25,867 INFO o.a.j.l.DirectJDKLog {log} [main] Initializing Spring embedded WebApplicationContext
2025-07-26 15:27:25,870 INFO o.s.b.w.s.c.ServletWebServerApplicationContext {prepareWebApplicationContext} [main] Root WebApplicationContext: initialization completed in 1689 ms
2025-07-26 15:27:26,125 INFO o.h.j.i.u.LogHelper {logPersistenceUnitInformation} [main] HHH000204: Processing PersistenceUnitInfo [name: default]
2025-07-26 15:27:26,194 INFO o.h.Version {logVersion} [main] HHH000412: Hibernate ORM core version 6.6.18.Final
2025-07-26 15:27:26,247 INFO o.h.c.i.RegionFactoryInitiator {initiateService} [main] HHH000026: Second-level cache disabled
2025-07-26 15:27:26,621 INFO o.s.o.j.p.SpringPersistenceUnitInfo {addTransformer} [main] No LoadTimeWeaver setup: ignoring JPA class transformer
2025-07-26 15:27:26,657 INFO c.z.h.HikariDataSource {getConnection} [main] HikariPool-1 - Starting...
2025-07-26 15:27:26,960 INFO c.z.h.p.HikariPool {checkFailFast} [main] HikariPool-1 - Added connection conn0: url=jdbc:h2:file:~/apiplant.db user=SA
2025-07-26 15:27:26,963 INFO c.z.h.HikariDataSource {getConnection} [main] HikariPool-1 - Start completed.
2025-07-26 15:27:26,999 WARN o.h.e.j.d.i.DialectFactoryImpl {constructDialect} [main] HHH90000025: H2Dialect does not need to be specified explicitly using 'hibernate.dialect' (remove the property setting and it will be selected by default)
2025-07-26 15:27:27,034 INFO o.h.e.j.e.i.JdbcEnvironmentInitiator {logConnectionInfo} [main] HHH10001005: Database info:
	Database JDBC URL [Connecting through datasource 'HikariDataSource (HikariPool-1)']
	Database driver: undefined/unknown
	Database version: 2.3.232
	Autocommit mode: undefined/unknown
	Isolation level: undefined/unknown
	Minimum pool size: undefined/unknown
	Maximum pool size: undefined/unknown
2025-07-26 15:27:28,449 INFO o.h.e.t.j.p.i.JtaPlatformInitiator {initiateService} [main] HHH000489: No JTA platform available (set 'hibernate.transaction.jta.platform' to enable JTA platform integration)
2025-07-26 15:27:28,534 INFO o.s.o.j.AbstractEntityManagerFactoryBean {buildNativeEntityManagerFactory} [main] Initialized JPA EntityManagerFactory for persistence unit 'default'
2025-07-26 15:27:29,122 WARN o.s.b.a.o.j.JpaBaseConfiguration$JpaWebConfiguration {openEntityManagerInViewInterceptor} [main] spring.jpa.open-in-view is enabled by default. Therefore, database queries may be performed during view rendering. Explicitly configure spring.jpa.open-in-view to disable this warning
2025-07-26 15:27:29,475 INFO o.s.b.a.h.H2ConsoleAutoConfiguration$H2ConsoleLogger {log} [main] H2 console available at '/h2-console'. Database available at 'jdbc:h2:file:~/apiplant.db'
2025-07-26 15:27:29,548 INFO o.a.j.l.DirectJDKLog {log} [main] Starting ProtocolHandler ["http-nio-8080"]
2025-07-26 15:27:29,575 INFO o.s.b.w.e.t.TomcatWebServer {start} [main] Tomcat started on port 8080 (http) with context path '/'
2025-07-26 15:27:29,593 INFO o.s.b.StartupInfoLogger {logStarted} [main] Started ApiPlantApplication in 6.189 seconds (process running for 6.573)
2025-07-26 15:27:29,670 INFO o.a.j.l.DirectJDKLog {log} [http-nio-8080-exec-1] Initializing Spring DispatcherServlet 'dispatcherServlet'
2025-07-26 15:27:29,671 INFO o.s.w.s.FrameworkServlet {initServletBean} [http-nio-8080-exec-1] Initializing Servlet 'dispatcherServlet'
2025-07-26 15:27:29,673 INFO o.s.w.s.FrameworkServlet {initServletBean} [http-nio-8080-exec-1] Completed initialization in 2 ms
2025-07-26 15:29:35,327 INFO o.s.b.w.e.t.GracefulShutdown {shutDownGracefully} [SpringApplicationShutdownHook] Commencing graceful shutdown. Waiting for active requests to complete
2025-07-26 15:29:35,461 INFO o.s.b.w.e.t.GracefulShutdown {doShutdown} [tomcat-shutdown] Graceful shutdown complete
2025-07-26 15:29:35,464 INFO o.s.o.j.AbstractEntityManagerFactoryBean {destroy} [SpringApplicationShutdownHook] Closing JPA EntityManagerFactory for persistence unit 'default'
2025-07-26 15:29:35,466 INFO c.z.h.HikariDataSource {close} [SpringApplicationShutdownHook] HikariPool-1 - Shutdown initiated...
2025-07-26 15:29:35,467 INFO c.z.h.HikariDataSource {close} [SpringApplicationShutdownHook] HikariPool-1 - Shutdown completed.
2025-07-26 15:29:45,658 INFO o.h.v.i.u.Version {<clinit>} [background-preinit] HV000001: Hibernate Validator 8.0.2.Final
2025-07-26 15:29:45,729 INFO o.s.b.StartupInfoLogger {logStarting} [main] Starting ApiPlantApplication using Java 17.0.12 with PID 21748 (C:\Users\maria\OneDrive\Desktop\ApiPlant\target\classes started by maria in C:\Users\maria\OneDrive\Desktop\ApiPlant)
2025-07-26 15:29:45,735 INFO o.s.b.SpringApplication {logStartupProfileInfo} [main] No active profile set, falling back to 1 default profile: "default"
2025-07-26 15:29:46,283 INFO o.s.d.r.c.RepositoryConfigurationDelegate {registerRepositoriesIn} [main] Bootstrapping Spring Data JPA repositories in DEFAULT mode.
2025-07-26 15:29:46,344 INFO o.s.d.r.c.RepositoryConfigurationDelegate {registerRepositoriesIn} [main] Finished Spring Data repository scanning in 53 ms. Found 5 JPA repository interfaces.
2025-07-26 15:29:47,042 INFO o.s.b.w.e.t.TomcatWebServer {initialize} [main] Tomcat initialized with port 8080 (http)
2025-07-26 15:29:47,052 INFO o.a.j.l.DirectJDKLog {log} [main] Initializing ProtocolHandler ["http-nio-8080"]
2025-07-26 15:29:47,054 INFO o.a.j.l.DirectJDKLog {log} [main] Starting service [Tomcat]
2025-07-26 15:29:47,056 INFO o.a.j.l.DirectJDKLog {log} [main] Starting Servlet engine: [Apache Tomcat/10.1.42]
2025-07-26 15:29:47,109 INFO o.a.j.l.DirectJDKLog {log} [main] Initializing Spring embedded WebApplicationContext
2025-07-26 15:29:47,110 INFO o.s.b.w.s.c.ServletWebServerApplicationContext {prepareWebApplicationContext} [main] Root WebApplicationContext: initialization completed in 1319 ms
2025-07-26 15:29:47,232 INFO o.h.j.i.u.LogHelper {logPersistenceUnitInformation} [main] HHH000204: Processing PersistenceUnitInfo [name: default]
2025-07-26 15:29:47,274 INFO o.h.Version {logVersion} [main] HHH000412: Hibernate ORM core version 6.6.18.Final
2025-07-26 15:29:47,300 INFO o.h.c.i.RegionFactoryInitiator {initiateService} [main] HHH000026: Second-level cache disabled
2025-07-26 15:29:47,536 INFO o.s.o.j.p.SpringPersistenceUnitInfo {addTransformer} [main] No LoadTimeWeaver setup: ignoring JPA class transformer
2025-07-26 15:29:47,561 INFO c.z.h.HikariDataSource {getConnection} [main] HikariPool-1 - Starting...
2025-07-26 15:29:47,845 INFO c.z.h.p.HikariPool {checkFailFast} [main] HikariPool-1 - Added connection conn0: url=jdbc:h2:file:~/apiplant.db user=SA
2025-07-26 15:29:47,848 INFO c.z.h.HikariDataSource {getConnection} [main] HikariPool-1 - Start completed.
2025-07-26 15:29:47,873 WARN o.h.e.j.d.i.DialectFactoryImpl {constructDialect} [main] HHH90000025: H2Dialect does not need to be specified explicitly using 'hibernate.dialect' (remove the property setting and it will be selected by default)
2025-07-26 15:29:47,902 INFO o.h.e.j.e.i.JdbcEnvironmentInitiator {logConnectionInfo} [main] HHH10001005: Database info:
	Database JDBC URL [Connecting through datasource 'HikariDataSource (HikariPool-1)']
	Database driver: undefined/unknown
	Database version: 2.3.232
	Autocommit mode: undefined/unknown
	Isolation level: undefined/unknown
	Minimum pool size: undefined/unknown
	Maximum pool size: undefined/unknown
2025-07-26 15:29:49,347 INFO o.h.e.t.j.p.i.JtaPlatformInitiator {initiateService} [main] HHH000489: No JTA platform available (set 'hibernate.transaction.jta.platform' to enable JTA platform integration)
2025-07-26 15:29:49,444 INFO o.s.o.j.AbstractEntityManagerFactoryBean {buildNativeEntityManagerFactory} [main] Initialized JPA EntityManagerFactory for persistence unit 'default'
2025-07-26 15:29:50,040 WARN o.s.b.a.o.j.JpaBaseConfiguration$JpaWebConfiguration {openEntityManagerInViewInterceptor} [main] spring.jpa.open-in-view is enabled by default. Therefore, database queries may be performed during view rendering. Explicitly configure spring.jpa.open-in-view to disable this warning
2025-07-26 15:29:50,404 INFO o.s.b.a.h.H2ConsoleAutoConfiguration$H2ConsoleLogger {log} [main] H2 console available at '/h2-console'. Database available at 'jdbc:h2:file:~/apiplant.db'
2025-07-26 15:29:50,475 INFO o.a.j.l.DirectJDKLog {log} [main] Starting ProtocolHandler ["http-nio-8080"]
2025-07-26 15:29:50,503 INFO o.s.b.w.e.t.TomcatWebServer {start} [main] Tomcat started on port 8080 (http) with context path '/'
2025-07-26 15:29:50,514 INFO o.s.b.StartupInfoLogger {logStarted} [main] Started ApiPlantApplication in 5.268 seconds (process running for 5.712)
2025-07-26 15:29:50,685 INFO o.a.j.l.DirectJDKLog {log} [http-nio-8080-exec-3] Initializing Spring DispatcherServlet 'dispatcherServlet'
2025-07-26 15:29:50,686 INFO o.s.w.s.FrameworkServlet {initServletBean} [http-nio-8080-exec-3] Initializing Servlet 'dispatcherServlet'
2025-07-26 15:29:50,688 INFO o.s.w.s.FrameworkServlet {initServletBean} [http-nio-8080-exec-3] Completed initialization in 2 ms
2025-07-26 15:33:32,954 INFO o.s.b.w.e.t.GracefulShutdown {shutDownGracefully} [SpringApplicationShutdownHook] Commencing graceful shutdown. Waiting for active requests to complete
2025-07-26 15:33:33,140 INFO o.s.b.w.e.t.GracefulShutdown {doShutdown} [tomcat-shutdown] Graceful shutdown complete
2025-07-26 15:33:33,144 INFO o.s.o.j.AbstractEntityManagerFactoryBean {destroy} [SpringApplicationShutdownHook] Closing JPA EntityManagerFactory for persistence unit 'default'
2025-07-26 15:33:33,147 INFO c.z.h.HikariDataSource {close} [SpringApplicationShutdownHook] HikariPool-1 - Shutdown initiated...
2025-07-26 15:33:33,148 INFO c.z.h.HikariDataSource {close} [SpringApplicationShutdownHook] HikariPool-1 - Shutdown completed.
2025-07-26 15:33:43,322 INFO o.h.v.i.u.Version {<clinit>} [background-preinit] HV000001: Hibernate Validator 8.0.2.Final
2025-07-26 15:33:43,370 INFO o.s.b.StartupInfoLogger {logStarting} [main] Starting ApiPlantApplication using Java 17.0.12 with PID 16584 (C:\Users\maria\OneDrive\Desktop\ApiPlant\target\classes started by maria in C:\Users\maria\OneDrive\Desktop\ApiPlant)
2025-07-26 15:33:43,371 INFO o.s.b.SpringApplication {logStartupProfileInfo} [main] No active profile set, falling back to 1 default profile: "default"
2025-07-26 15:33:43,833 INFO o.s.d.r.c.RepositoryConfigurationDelegate {registerRepositoriesIn} [main] Bootstrapping Spring Data JPA repositories in DEFAULT mode.
2025-07-26 15:33:43,880 INFO o.s.d.r.c.RepositoryConfigurationDelegate {registerRepositoriesIn} [main] Finished Spring Data repository scanning in 41 ms. Found 5 JPA repository interfaces.
2025-07-26 15:33:44,267 INFO o.s.b.w.e.t.TomcatWebServer {initialize} [main] Tomcat initialized with port 8080 (http)
2025-07-26 15:33:44,277 INFO o.a.j.l.DirectJDKLog {log} [main] Initializing ProtocolHandler ["http-nio-8080"]
2025-07-26 15:33:44,278 INFO o.a.j.l.DirectJDKLog {log} [main] Starting service [Tomcat]
2025-07-26 15:33:44,279 INFO o.a.j.l.DirectJDKLog {log} [main] Starting Servlet engine: [Apache Tomcat/10.1.42]
2025-07-26 15:33:44,325 INFO o.a.j.l.DirectJDKLog {log} [main] Initializing Spring embedded WebApplicationContext
2025-07-26 15:33:44,326 INFO o.s.b.w.s.c.ServletWebServerApplicationContext {prepareWebApplicationContext} [main] Root WebApplicationContext: initialization completed in 922 ms
2025-07-26 15:33:44,424 INFO o.h.j.i.u.LogHelper {logPersistenceUnitInformation} [main] HHH000204: Processing PersistenceUnitInfo [name: default]
2025-07-26 15:33:44,459 INFO o.h.Version {logVersion} [main] HHH000412: Hibernate ORM core version 6.6.18.Final
2025-07-26 15:33:44,485 INFO o.h.c.i.RegionFactoryInitiator {initiateService} [main] HHH000026: Second-level cache disabled
2025-07-26 15:33:44,684 INFO o.s.o.j.p.SpringPersistenceUnitInfo {addTransformer} [main] No LoadTimeWeaver setup: ignoring JPA class transformer
2025-07-26 15:33:44,703 INFO c.z.h.HikariDataSource {getConnection} [main] HikariPool-1 - Starting...
2025-07-26 15:33:44,873 INFO c.z.h.p.HikariPool {checkFailFast} [main] HikariPool-1 - Added connection conn0: url=jdbc:h2:file:~/apiplant.db user=SA
2025-07-26 15:33:44,875 INFO c.z.h.HikariDataSource {getConnection} [main] HikariPool-1 - Start completed.
2025-07-26 15:33:44,892 WARN o.h.e.j.d.i.DialectFactoryImpl {constructDialect} [main] HHH90000025: H2Dialect does not need to be specified explicitly using 'hibernate.dialect' (remove the property setting and it will be selected by default)
2025-07-26 15:33:44,910 INFO o.h.e.j.e.i.JdbcEnvironmentInitiator {logConnectionInfo} [main] HHH10001005: Database info:
	Database JDBC URL [Connecting through datasource 'HikariDataSource (HikariPool-1)']
	Database driver: undefined/unknown
	Database version: 2.3.232
	Autocommit mode: undefined/unknown
	Isolation level: undefined/unknown
	Minimum pool size: undefined/unknown
	Maximum pool size: undefined/unknown
2025-07-26 15:33:45,631 INFO o.h.e.t.j.p.i.JtaPlatformInitiator {initiateService} [main] HHH000489: No JTA platform available (set 'hibernate.transaction.jta.platform' to enable JTA platform integration)
2025-07-26 15:33:45,699 INFO o.s.o.j.AbstractEntityManagerFactoryBean {buildNativeEntityManagerFactory} [main] Initialized JPA EntityManagerFactory for persistence unit 'default'
2025-07-26 15:33:46,042 WARN o.s.b.a.o.j.JpaBaseConfiguration$JpaWebConfiguration {openEntityManagerInViewInterceptor} [main] spring.jpa.open-in-view is enabled by default. Therefore, database queries may be performed during view rendering. Explicitly configure spring.jpa.open-in-view to disable this warning
2025-07-26 15:33:46,235 INFO o.s.b.a.h.H2ConsoleAutoConfiguration$H2ConsoleLogger {log} [main] H2 console available at '/h2-console'. Database available at 'jdbc:h2:file:~/apiplant.db'
2025-07-26 15:33:46,281 INFO o.a.j.l.DirectJDKLog {log} [main] Starting ProtocolHandler ["http-nio-8080"]
2025-07-26 15:33:46,303 INFO o.s.b.w.e.t.TomcatWebServer {start} [main] Tomcat started on port 8080 (http) with context path '/'
2025-07-26 15:33:46,310 INFO o.s.b.StartupInfoLogger {logStarted} [main] Started ApiPlantApplication in 3.352 seconds (process running for 3.579)
2025-07-26 15:34:08,665 INFO o.a.j.l.DirectJDKLog {log} [http-nio-8080-exec-1] Initializing Spring DispatcherServlet 'dispatcherServlet'
2025-07-26 15:34:08,666 INFO o.s.w.s.FrameworkServlet {initServletBean} [http-nio-8080-exec-1] Initializing Servlet 'dispatcherServlet'
2025-07-26 15:34:08,669 INFO o.s.w.s.FrameworkServlet {initServletBean} [http-nio-8080-exec-1] Completed initialization in 2 ms
2025-07-26 15:38:18,149 INFO o.s.b.w.e.t.GracefulShutdown {shutDownGracefully} [SpringApplicationShutdownHook] Commencing graceful shutdown. Waiting for active requests to complete
2025-07-26 15:38:18,255 INFO o.s.b.w.e.t.GracefulShutdown {doShutdown} [tomcat-shutdown] Graceful shutdown complete
2025-07-26 15:38:18,259 INFO o.s.o.j.AbstractEntityManagerFactoryBean {destroy} [SpringApplicationShutdownHook] Closing JPA EntityManagerFactory for persistence unit 'default'
2025-07-26 15:38:18,262 INFO c.z.h.HikariDataSource {close} [SpringApplicationShutdownHook] HikariPool-1 - Shutdown initiated...
2025-07-26 15:38:18,264 INFO c.z.h.HikariDataSource {close} [SpringApplicationShutdownHook] HikariPool-1 - Shutdown completed.
2025-07-26 15:38:29,080 INFO o.h.v.i.u.Version {<clinit>} [background-preinit] HV000001: Hibernate Validator 8.0.2.Final
2025-07-26 15:38:29,133 INFO o.s.b.StartupInfoLogger {logStarting} [main] Starting ApiPlantApplication using Java 17.0.12 with PID 4500 (C:\Users\maria\OneDrive\Desktop\ApiPlant\target\classes started by maria in C:\Users\maria\OneDrive\Desktop\ApiPlant)
2025-07-26 15:38:29,135 INFO o.s.b.SpringApplication {logStartupProfileInfo} [main] No active profile set, falling back to 1 default profile: "default"
2025-07-26 15:38:29,688 INFO o.s.d.r.c.RepositoryConfigurationDelegate {registerRepositoriesIn} [main] Bootstrapping Spring Data JPA repositories in DEFAULT mode.
2025-07-26 15:38:29,754 INFO o.s.d.r.c.RepositoryConfigurationDelegate {registerRepositoriesIn} [main] Finished Spring Data repository scanning in 57 ms. Found 5 JPA repository interfaces.
2025-07-26 15:38:30,240 INFO o.s.b.w.e.t.TomcatWebServer {initialize} [main] Tomcat initialized with port 8080 (http)
2025-07-26 15:38:30,256 INFO o.a.j.l.DirectJDKLog {log} [main] Initializing ProtocolHandler ["http-nio-8080"]
2025-07-26 15:38:30,259 INFO o.a.j.l.DirectJDKLog {log} [main] Starting service [Tomcat]
2025-07-26 15:38:30,259 INFO o.a.j.l.DirectJDKLog {log} [main] Starting Servlet engine: [Apache Tomcat/10.1.42]
2025-07-26 15:38:30,309 INFO o.a.j.l.DirectJDKLog {log} [main] Initializing Spring embedded WebApplicationContext
2025-07-26 15:38:30,311 INFO o.s.b.w.s.c.ServletWebServerApplicationContext {prepareWebApplicationContext} [main] Root WebApplicationContext: initialization completed in 1135 ms
2025-07-26 15:38:30,419 INFO o.h.j.i.u.LogHelper {logPersistenceUnitInformation} [main] HHH000204: Processing PersistenceUnitInfo [name: default]
2025-07-26 15:38:30,467 INFO o.h.Version {logVersion} [main] HHH000412: Hibernate ORM core version 6.6.18.Final
2025-07-26 15:38:30,493 INFO o.h.c.i.RegionFactoryInitiator {initiateService} [main] HHH000026: Second-level cache disabled
2025-07-26 15:38:30,726 INFO o.s.o.j.p.SpringPersistenceUnitInfo {addTransformer} [main] No LoadTimeWeaver setup: ignoring JPA class transformer
2025-07-26 15:38:30,753 INFO c.z.h.HikariDataSource {getConnection} [main] HikariPool-1 - Starting...
2025-07-26 15:38:30,980 INFO c.z.h.p.HikariPool {checkFailFast} [main] HikariPool-1 - Added connection conn0: url=jdbc:h2:file:~/apiplant.db user=SA
2025-07-26 15:38:30,983 INFO c.z.h.HikariDataSource {getConnection} [main] HikariPool-1 - Start completed.
2025-07-26 15:38:31,002 WARN o.h.e.j.d.i.DialectFactoryImpl {constructDialect} [main] HHH90000025: H2Dialect does not need to be specified explicitly using 'hibernate.dialect' (remove the property setting and it will be selected by default)
2025-07-26 15:38:31,019 INFO o.h.e.j.e.i.JdbcEnvironmentInitiator {logConnectionInfo} [main] HHH10001005: Database info:
	Database JDBC URL [Connecting through datasource 'HikariDataSource (HikariPool-1)']
	Database driver: undefined/unknown
	Database version: 2.3.232
	Autocommit mode: undefined/unknown
	Isolation level: undefined/unknown
	Minimum pool size: undefined/unknown
	Maximum pool size: undefined/unknown
2025-07-26 15:38:31,843 INFO o.h.e.t.j.p.i.JtaPlatformInitiator {initiateService} [main] HHH000489: No JTA platform available (set 'hibernate.transaction.jta.platform' to enable JTA platform integration)
2025-07-26 15:38:31,910 INFO o.s.o.j.AbstractEntityManagerFactoryBean {buildNativeEntityManagerFactory} [main] Initialized JPA EntityManagerFactory for persistence unit 'default'
2025-07-26 15:38:32,274 WARN o.s.b.a.o.j.JpaBaseConfiguration$JpaWebConfiguration {openEntityManagerInViewInterceptor} [main] spring.jpa.open-in-view is enabled by default. Therefore, database queries may be performed during view rendering. Explicitly configure spring.jpa.open-in-view to disable this warning
2025-07-26 15:38:32,553 INFO o.s.b.a.h.H2ConsoleAutoConfiguration$H2ConsoleLogger {log} [main] H2 console available at '/h2-console'. Database available at 'jdbc:h2:file:~/apiplant.db'
2025-07-26 15:38:32,599 INFO o.a.j.l.DirectJDKLog {log} [main] Starting ProtocolHandler ["http-nio-8080"]
2025-07-26 15:38:32,619 INFO o.s.b.w.e.t.TomcatWebServer {start} [main] Tomcat started on port 8080 (http) with context path '/'
2025-07-26 15:38:32,630 INFO o.s.b.StartupInfoLogger {logStarted} [main] Started ApiPlantApplication in 3.925 seconds (process running for 4.176)
2025-07-26 15:38:38,226 INFO o.a.j.l.DirectJDKLog {log} [http-nio-8080-exec-1] Initializing Spring DispatcherServlet 'dispatcherServlet'
2025-07-26 15:38:38,227 INFO o.s.w.s.FrameworkServlet {initServletBean} [http-nio-8080-exec-1] Initializing Servlet 'dispatcherServlet'
2025-07-26 15:38:38,229 INFO o.s.w.s.FrameworkServlet {initServletBean} [http-nio-8080-exec-1] Completed initialization in 2 ms
2025-07-26 15:49:01,873 INFO o.s.b.w.e.t.GracefulShutdown {shutDownGracefully} [SpringApplicationShutdownHook] Commencing graceful shutdown. Waiting for active requests to complete
2025-07-26 15:49:01,964 INFO o.s.b.w.e.t.GracefulShutdown {doShutdown} [tomcat-shutdown] Graceful shutdown complete
2025-07-26 15:49:01,969 INFO o.s.o.j.AbstractEntityManagerFactoryBean {destroy} [SpringApplicationShutdownHook] Closing JPA EntityManagerFactory for persistence unit 'default'
2025-07-26 15:49:01,971 INFO c.z.h.HikariDataSource {close} [SpringApplicationShutdownHook] HikariPool-1 - Shutdown initiated...
2025-07-26 15:49:01,972 INFO c.z.h.HikariDataSource {close} [SpringApplicationShutdownHook] HikariPool-1 - Shutdown completed.
2025-07-26 15:49:13,566 INFO o.h.v.i.u.Version {<clinit>} [background-preinit] HV000001: Hibernate Validator 8.0.2.Final
2025-07-26 15:49:13,660 INFO o.s.b.StartupInfoLogger {logStarting} [main] Starting ApiPlantApplication using Java 17.0.12 with PID 16900 (C:\Users\maria\OneDrive\Desktop\ApiPlant\target\classes started by maria in C:\Users\maria\OneDrive\Desktop\ApiPlant)
2025-07-26 15:49:13,662 INFO o.s.b.SpringApplication {logStartupProfileInfo} [main] No active profile set, falling back to 1 default profile: "default"
2025-07-26 15:49:14,571 INFO o.s.d.r.c.RepositoryConfigurationDelegate {registerRepositoriesIn} [main] Bootstrapping Spring Data JPA repositories in DEFAULT mode.
2025-07-26 15:49:14,671 INFO o.s.d.r.c.RepositoryConfigurationDelegate {registerRepositoriesIn} [main] Finished Spring Data repository scanning in 86 ms. Found 5 JPA repository interfaces.
2025-07-26 15:49:15,428 INFO o.s.b.w.e.t.TomcatWebServer {initialize} [main] Tomcat initialized with port 8080 (http)
2025-07-26 15:49:15,443 INFO o.a.j.l.DirectJDKLog {log} [main] Initializing ProtocolHandler ["http-nio-8080"]
2025-07-26 15:49:15,447 INFO o.a.j.l.DirectJDKLog {log} [main] Starting service [Tomcat]
2025-07-26 15:49:15,447 INFO o.a.j.l.DirectJDKLog {log} [main] Starting Servlet engine: [Apache Tomcat/10.1.42]
2025-07-26 15:49:15,519 INFO o.a.j.l.DirectJDKLog {log} [main] Initializing Spring embedded WebApplicationContext
2025-07-26 15:49:15,522 INFO o.s.b.w.s.c.ServletWebServerApplicationContext {prepareWebApplicationContext} [main] Root WebApplicationContext: initialization completed in 1800 ms
2025-07-26 15:49:15,711 INFO o.h.j.i.u.LogHelper {logPersistenceUnitInformation} [main] HHH000204: Processing PersistenceUnitInfo [name: default]
2025-07-26 15:49:15,782 INFO o.h.Version {logVersion} [main] HHH000412: Hibernate ORM core version 6.6.18.Final
2025-07-26 15:49:15,831 INFO o.h.c.i.RegionFactoryInitiator {initiateService} [main] HHH000026: Second-level cache disabled
2025-07-26 15:49:16,214 INFO o.s.o.j.p.SpringPersistenceUnitInfo {addTransformer} [main] No LoadTimeWeaver setup: ignoring JPA class transformer
2025-07-26 15:49:16,256 INFO c.z.h.HikariDataSource {getConnection} [main] HikariPool-1 - Starting...
2025-07-26 15:49:16,570 INFO c.z.h.p.HikariPool {checkFailFast} [main] HikariPool-1 - Added connection conn0: url=jdbc:h2:file:~/apiplant.db user=SA
2025-07-26 15:49:16,573 INFO c.z.h.HikariDataSource {getConnection} [main] HikariPool-1 - Start completed.
2025-07-26 15:49:16,605 WARN o.h.e.j.d.i.DialectFactoryImpl {constructDialect} [main] HHH90000025: H2Dialect does not need to be specified explicitly using 'hibernate.dialect' (remove the property setting and it will be selected by default)
2025-07-26 15:49:16,636 INFO o.h.e.j.e.i.JdbcEnvironmentInitiator {logConnectionInfo} [main] HHH10001005: Database info:
	Database JDBC URL [Connecting through datasource 'HikariDataSource (HikariPool-1)']
	Database driver: undefined/unknown
	Database version: 2.3.232
	Autocommit mode: undefined/unknown
	Isolation level: undefined/unknown
	Minimum pool size: undefined/unknown
	Maximum pool size: undefined/unknown
2025-07-26 15:49:17,768 INFO o.h.e.t.j.p.i.JtaPlatformInitiator {initiateService} [main] HHH000489: No JTA platform available (set 'hibernate.transaction.jta.platform' to enable JTA platform integration)
2025-07-26 15:49:17,842 INFO o.s.o.j.AbstractEntityManagerFactoryBean {buildNativeEntityManagerFactory} [main] Initialized JPA EntityManagerFactory for persistence unit 'default'
2025-07-26 15:49:18,620 WARN o.s.b.a.o.j.JpaBaseConfiguration$JpaWebConfiguration {openEntityManagerInViewInterceptor} [main] spring.jpa.open-in-view is enabled by default. Therefore, database queries may be performed during view rendering. Explicitly configure spring.jpa.open-in-view to disable this warning
2025-07-26 15:49:18,935 INFO o.s.b.a.h.H2ConsoleAutoConfiguration$H2ConsoleLogger {log} [main] H2 console available at '/h2-console'. Database available at 'jdbc:h2:file:~/apiplant.db'
2025-07-26 15:49:19,002 INFO o.a.j.l.DirectJDKLog {log} [main] Starting ProtocolHandler ["http-nio-8080"]
2025-07-26 15:49:19,055 INFO o.s.b.w.e.t.TomcatWebServer {start} [main] Tomcat started on port 8080 (http) with context path '/'
2025-07-26 15:49:19,067 INFO o.s.b.StartupInfoLogger {logStarted} [main] Started ApiPlantApplication in 6.167 seconds (process running for 6.67)
2025-07-26 15:49:31,744 INFO o.a.j.l.DirectJDKLog {log} [http-nio-8080-exec-1] Initializing Spring DispatcherServlet 'dispatcherServlet'
2025-07-26 15:49:31,745 INFO o.s.w.s.FrameworkServlet {initServletBean} [http-nio-8080-exec-1] Initializing Servlet 'dispatcherServlet'
2025-07-26 15:49:31,747 INFO o.s.w.s.FrameworkServlet {initServletBean} [http-nio-8080-exec-1] Completed initialization in 1 ms
2025-07-26 15:56:42,569 INFO o.s.b.w.e.t.GracefulShutdown {shutDownGracefully} [SpringApplicationShutdownHook] Commencing graceful shutdown. Waiting for active requests to complete
2025-07-26 15:56:42,712 INFO o.s.b.w.e.t.GracefulShutdown {doShutdown} [tomcat-shutdown] Graceful shutdown complete
2025-07-26 15:56:42,717 INFO o.s.o.j.AbstractEntityManagerFactoryBean {destroy} [SpringApplicationShutdownHook] Closing JPA EntityManagerFactory for persistence unit 'default'
2025-07-26 15:56:42,720 INFO c.z.h.HikariDataSource {close} [SpringApplicationShutdownHook] HikariPool-1 - Shutdown initiated...
2025-07-26 15:56:42,722 INFO c.z.h.HikariDataSource {close} [SpringApplicationShutdownHook] HikariPool-1 - Shutdown completed.
2025-07-26 15:56:53,800 INFO o.h.v.i.u.Version {<clinit>} [background-preinit] HV000001: Hibernate Validator 8.0.2.Final
2025-07-26 15:56:53,849 INFO o.s.b.StartupInfoLogger {logStarting} [main] Starting ApiPlantApplication using Java 17.0.12 with PID 18356 (C:\Users\maria\OneDrive\Desktop\ApiPlant\target\classes started by maria in C:\Users\maria\OneDrive\Desktop\ApiPlant)
2025-07-26 15:56:53,851 INFO o.s.b.SpringApplication {logStartupProfileInfo} [main] No active profile set, falling back to 1 default profile: "default"
2025-07-26 15:56:54,345 INFO o.s.d.r.c.RepositoryConfigurationDelegate {registerRepositoriesIn} [main] Bootstrapping Spring Data JPA repositories in DEFAULT mode.
2025-07-26 15:56:54,404 INFO o.s.d.r.c.RepositoryConfigurationDelegate {registerRepositoriesIn} [main] Finished Spring Data repository scanning in 52 ms. Found 5 JPA repository interfaces.
2025-07-26 15:56:54,839 INFO o.s.b.w.e.t.TomcatWebServer {initialize} [main] Tomcat initialized with port 8080 (http)
2025-07-26 15:56:54,849 INFO o.a.j.l.DirectJDKLog {log} [main] Initializing ProtocolHandler ["http-nio-8080"]
2025-07-26 15:56:54,851 INFO o.a.j.l.DirectJDKLog {log} [main] Starting service [Tomcat]
2025-07-26 15:56:54,853 INFO o.a.j.l.DirectJDKLog {log} [main] Starting Servlet engine: [Apache Tomcat/10.1.42]
2025-07-26 15:56:54,904 INFO o.a.j.l.DirectJDKLog {log} [main] Initializing Spring embedded WebApplicationContext
2025-07-26 15:56:54,905 INFO o.s.b.w.s.c.ServletWebServerApplicationContext {prepareWebApplicationContext} [main] Root WebApplicationContext: initialization completed in 1019 ms
2025-07-26 15:56:55,018 INFO o.h.j.i.u.LogHelper {logPersistenceUnitInformation} [main] HHH000204: Processing PersistenceUnitInfo [name: default]
2025-07-26 15:56:55,059 INFO o.h.Version {logVersion} [main] HHH000412: Hibernate ORM core version 6.6.18.Final
2025-07-26 15:56:55,089 INFO o.h.c.i.RegionFactoryInitiator {initiateService} [main] HHH000026: Second-level cache disabled
2025-07-26 15:56:55,289 INFO o.s.o.j.p.SpringPersistenceUnitInfo {addTransformer} [main] No LoadTimeWeaver setup: ignoring JPA class transformer
2025-07-26 15:56:55,310 INFO c.z.h.HikariDataSource {getConnection} [main] HikariPool-1 - Starting...
2025-07-26 15:56:55,486 INFO c.z.h.p.HikariPool {checkFailFast} [main] HikariPool-1 - Added connection conn0: url=jdbc:h2:file:~/apiplant.db user=SA
2025-07-26 15:56:55,487 INFO c.z.h.HikariDataSource {getConnection} [main] HikariPool-1 - Start completed.
2025-07-26 15:56:55,506 WARN o.h.e.j.d.i.DialectFactoryImpl {constructDialect} [main] HHH90000025: H2Dialect does not need to be specified explicitly using 'hibernate.dialect' (remove the property setting and it will be selected by default)
2025-07-26 15:56:55,525 INFO o.h.e.j.e.i.JdbcEnvironmentInitiator {logConnectionInfo} [main] HHH10001005: Database info:
	Database JDBC URL [Connecting through datasource 'HikariDataSource (HikariPool-1)']
	Database driver: undefined/unknown
	Database version: 2.3.232
	Autocommit mode: undefined/unknown
	Isolation level: undefined/unknown
	Minimum pool size: undefined/unknown
	Maximum pool size: undefined/unknown
2025-07-26 15:56:56,298 INFO o.h.e.t.j.p.i.JtaPlatformInitiator {initiateService} [main] HHH000489: No JTA platform available (set 'hibernate.transaction.jta.platform' to enable JTA platform integration)
2025-07-26 15:56:56,355 INFO o.s.o.j.AbstractEntityManagerFactoryBean {buildNativeEntityManagerFactory} [main] Initialized JPA EntityManagerFactory for persistence unit 'default'
2025-07-26 15:56:56,769 WARN o.s.b.a.o.j.JpaBaseConfiguration$JpaWebConfiguration {openEntityManagerInViewInterceptor} [main] spring.jpa.open-in-view is enabled by default. Therefore, database queries may be performed during view rendering. Explicitly configure spring.jpa.open-in-view to disable this warning
2025-07-26 15:56:56,987 INFO o.s.b.a.h.H2ConsoleAutoConfiguration$H2ConsoleLogger {log} [main] H2 console available at '/h2-console'. Database available at 'jdbc:h2:file:~/apiplant.db'
2025-07-26 15:56:57,032 INFO o.a.j.l.DirectJDKLog {log} [main] Starting ProtocolHandler ["http-nio-8080"]
2025-07-26 15:56:57,051 INFO o.s.b.w.e.t.TomcatWebServer {start} [main] Tomcat started on port 8080 (http) with context path '/'
2025-07-26 15:56:57,060 INFO o.s.b.StartupInfoLogger {logStarted} [main] Started ApiPlantApplication in 3.586 seconds (process running for 3.812)
2025-07-26 15:59:02,148 INFO o.a.j.l.DirectJDKLog {log} [http-nio-8080-exec-1] Initializing Spring DispatcherServlet 'dispatcherServlet'
2025-07-26 15:59:02,149 INFO o.s.w.s.FrameworkServlet {initServletBean} [http-nio-8080-exec-1] Initializing Servlet 'dispatcherServlet'
2025-07-26 15:59:02,151 INFO o.s.w.s.FrameworkServlet {initServletBean} [http-nio-8080-exec-1] Completed initialization in 2 ms
2025-07-26 16:04:02,622 INFO o.s.b.w.e.t.GracefulShutdown {shutDownGracefully} [SpringApplicationShutdownHook] Commencing graceful shutdown. Waiting for active requests to complete
2025-07-26 16:04:02,703 INFO o.s.b.w.e.t.GracefulShutdown {doShutdown} [tomcat-shutdown] Graceful shutdown complete
2025-07-26 16:04:02,707 INFO o.s.o.j.AbstractEntityManagerFactoryBean {destroy} [SpringApplicationShutdownHook] Closing JPA EntityManagerFactory for persistence unit 'default'
2025-07-26 16:04:02,709 INFO c.z.h.HikariDataSource {close} [SpringApplicationShutdownHook] HikariPool-1 - Shutdown initiated...
2025-07-26 16:04:02,711 INFO c.z.h.HikariDataSource {close} [SpringApplicationShutdownHook] HikariPool-1 - Shutdown completed.
2025-07-26 16:04:17,782 INFO o.h.v.i.u.Version {<clinit>} [background-preinit] HV000001: Hibernate Validator 8.0.2.Final
2025-07-26 16:04:17,879 INFO o.s.b.StartupInfoLogger {logStarting} [main] Starting ApiPlantApplication using Java 17.0.12 with PID 3356 (C:\Users\maria\OneDrive\Desktop\ApiPlant\target\classes started by maria in C:\Users\maria\OneDrive\Desktop\ApiPlant)
2025-07-26 16:04:17,882 INFO o.s.b.SpringApplication {logStartupProfileInfo} [main] No active profile set, falling back to 1 default profile: "default"
2025-07-26 16:04:18,748 INFO o.s.d.r.c.RepositoryConfigurationDelegate {registerRepositoriesIn} [main] Bootstrapping Spring Data JPA repositories in DEFAULT mode.
2025-07-26 16:04:18,849 INFO o.s.d.r.c.RepositoryConfigurationDelegate {registerRepositoriesIn} [main] Finished Spring Data repository scanning in 88 ms. Found 5 JPA repository interfaces.
2025-07-26 16:04:19,617 INFO o.s.b.w.e.t.TomcatWebServer {initialize} [main] Tomcat initialized with port 8080 (http)
2025-07-26 16:04:19,635 INFO o.a.j.l.DirectJDKLog {log} [main] Initializing ProtocolHandler ["http-nio-8080"]
2025-07-26 16:04:19,639 INFO o.a.j.l.DirectJDKLog {log} [main] Starting service [Tomcat]
2025-07-26 16:04:19,640 INFO o.a.j.l.DirectJDKLog {log} [main] Starting Servlet engine: [Apache Tomcat/10.1.42]
2025-07-26 16:04:19,757 INFO o.a.j.l.DirectJDKLog {log} [main] Initializing Spring embedded WebApplicationContext
2025-07-26 16:04:19,760 INFO o.s.b.w.s.c.ServletWebServerApplicationContext {prepareWebApplicationContext} [main] Root WebApplicationContext: initialization completed in 1818 ms
2025-07-26 16:04:20,064 INFO o.h.j.i.u.LogHelper {logPersistenceUnitInformation} [main] HHH000204: Processing PersistenceUnitInfo [name: default]
2025-07-26 16:04:20,148 INFO o.h.Version {logVersion} [main] HHH000412: Hibernate ORM core version 6.6.18.Final
2025-07-26 16:04:20,225 INFO o.h.c.i.RegionFactoryInitiator {initiateService} [main] HHH000026: Second-level cache disabled
2025-07-26 16:04:20,658 INFO o.s.o.j.p.SpringPersistenceUnitInfo {addTransformer} [main] No LoadTimeWeaver setup: ignoring JPA class transformer
2025-07-26 16:04:20,706 INFO c.z.h.HikariDataSource {getConnection} [main] HikariPool-1 - Starting...
2025-07-26 16:04:21,088 INFO c.z.h.p.HikariPool {checkFailFast} [main] HikariPool-1 - Added connection conn0: url=jdbc:h2:file:~/apiplant.db user=SA
2025-07-26 16:04:21,091 INFO c.z.h.HikariDataSource {getConnection} [main] HikariPool-1 - Start completed.
2025-07-26 16:04:21,128 WARN o.h.e.j.d.i.DialectFactoryImpl {constructDialect} [main] HHH90000025: H2Dialect does not need to be specified explicitly using 'hibernate.dialect' (remove the property setting and it will be selected by default)
2025-07-26 16:04:21,168 INFO o.h.e.j.e.i.JdbcEnvironmentInitiator {logConnectionInfo} [main] HHH10001005: Database info:
	Database JDBC URL [Connecting through datasource 'HikariDataSource (HikariPool-1)']
	Database driver: undefined/unknown
	Database version: 2.3.232
	Autocommit mode: undefined/unknown
	Isolation level: undefined/unknown
	Minimum pool size: undefined/unknown
	Maximum pool size: undefined/unknown
2025-07-26 16:04:22,704 INFO o.h.e.t.j.p.i.JtaPlatformInitiator {initiateService} [main] HHH000489: No JTA platform available (set 'hibernate.transaction.jta.platform' to enable JTA platform integration)
2025-07-26 16:04:22,800 INFO o.s.o.j.AbstractEntityManagerFactoryBean {buildNativeEntityManagerFactory} [main] Initialized JPA EntityManagerFactory for persistence unit 'default'
2025-07-26 16:04:23,388 WARN o.s.b.a.o.j.JpaBaseConfiguration$JpaWebConfiguration {openEntityManagerInViewInterceptor} [main] spring.jpa.open-in-view is enabled by default. Therefore, database queries may be performed during view rendering. Explicitly configure spring.jpa.open-in-view to disable this warning
2025-07-26 16:04:23,739 INFO o.s.b.a.h.H2ConsoleAutoConfiguration$H2ConsoleLogger {log} [main] H2 console available at '/h2-console'. Database available at 'jdbc:h2:file:~/apiplant.db'
2025-07-26 16:04:23,804 INFO o.a.j.l.DirectJDKLog {log} [main] Starting ProtocolHandler ["http-nio-8080"]
2025-07-26 16:04:23,829 INFO o.s.b.w.e.t.TomcatWebServer {start} [main] Tomcat started on port 8080 (http) with context path '/'
2025-07-26 16:04:23,843 INFO o.s.b.StartupInfoLogger {logStarted} [main] Started ApiPlantApplication in 6.696 seconds (process running for 7.147)
2025-07-26 16:04:30,462 INFO o.a.j.l.DirectJDKLog {log} [http-nio-8080-exec-1] Initializing Spring DispatcherServlet 'dispatcherServlet'
2025-07-26 16:04:30,463 INFO o.s.w.s.FrameworkServlet {initServletBean} [http-nio-8080-exec-1] Initializing Servlet 'dispatcherServlet'
2025-07-26 16:04:30,464 INFO o.s.w.s.FrameworkServlet {initServletBean} [http-nio-8080-exec-1] Completed initialization in 1 ms
2025-07-26 16:18:37,126 INFO o.s.b.w.e.t.GracefulShutdown {shutDownGracefully} [SpringApplicationShutdownHook] Commencing graceful shutdown. Waiting for active requests to complete
2025-07-26 16:18:37,204 INFO o.s.b.w.e.t.GracefulShutdown {doShutdown} [tomcat-shutdown] Graceful shutdown complete
2025-07-26 16:18:37,213 INFO o.s.o.j.AbstractEntityManagerFactoryBean {destroy} [SpringApplicationShutdownHook] Closing JPA EntityManagerFactory for persistence unit 'default'
2025-07-26 16:18:37,213 INFO c.z.h.HikariDataSource {close} [SpringApplicationShutdownHook] HikariPool-1 - Shutdown initiated...
2025-07-26 16:18:37,213 INFO c.z.h.HikariDataSource {close} [SpringApplicationShutdownHook] HikariPool-1 - Shutdown completed.
2025-07-26 16:18:46,638 INFO o.h.v.i.u.Version {<clinit>} [background-preinit] HV000001: Hibernate Validator 8.0.2.Final
2025-07-26 16:18:46,684 INFO o.s.b.StartupInfoLogger {logStarting} [main] Starting ApiPlantApplication using Java 17.0.12 with PID 17120 (C:\Users\maria\OneDrive\Desktop\ApiPlant\target\classes started by maria in C:\Users\maria\OneDrive\Desktop\ApiPlant)
2025-07-26 16:18:46,684 INFO o.s.b.SpringApplication {logStartupProfileInfo} [main] No active profile set, falling back to 1 default profile: "default"
2025-07-26 16:18:47,254 INFO o.s.d.r.c.RepositoryConfigurationDelegate {registerRepositoriesIn} [main] Bootstrapping Spring Data JPA repositories in DEFAULT mode.
2025-07-26 16:18:47,304 INFO o.s.d.r.c.RepositoryConfigurationDelegate {registerRepositoriesIn} [main] Finished Spring Data repository scanning in 39 ms. Found 5 JPA repository interfaces.
2025-07-26 16:18:47,700 INFO o.s.b.w.e.t.TomcatWebServer {initialize} [main] Tomcat initialized with port 8080 (http)
2025-07-26 16:18:47,710 INFO o.a.j.l.DirectJDKLog {log} [main] Initializing ProtocolHandler ["http-nio-8080"]
2025-07-26 16:18:47,710 INFO o.a.j.l.DirectJDKLog {log} [main] Starting service [Tomcat]
2025-07-26 16:18:47,710 INFO o.a.j.l.DirectJDKLog {log} [main] Starting Servlet engine: [Apache Tomcat/10.1.42]
2025-07-26 16:18:47,758 INFO o.a.j.l.DirectJDKLog {log} [main] Initializing Spring embedded WebApplicationContext
2025-07-26 16:18:47,758 INFO o.s.b.w.s.c.ServletWebServerApplicationContext {prepareWebApplicationContext} [main] Root WebApplicationContext: initialization completed in 1031 ms
2025-07-26 16:18:47,854 INFO o.h.j.i.u.LogHelper {logPersistenceUnitInformation} [main] HHH000204: Processing PersistenceUnitInfo [name: default]
2025-07-26 16:18:47,897 INFO o.h.Version {logVersion} [main] HHH000412: Hibernate ORM core version 6.6.18.Final
2025-07-26 16:18:47,913 INFO o.h.c.i.RegionFactoryInitiator {initiateService} [main] HHH000026: Second-level cache disabled
2025-07-26 16:18:48,112 INFO o.s.o.j.p.SpringPersistenceUnitInfo {addTransformer} [main] No LoadTimeWeaver setup: ignoring JPA class transformer
2025-07-26 16:18:48,129 INFO c.z.h.HikariDataSource {getConnection} [main] HikariPool-1 - Starting...
2025-07-26 16:18:48,319 INFO c.z.h.p.HikariPool {checkFailFast} [main] HikariPool-1 - Added connection conn0: url=jdbc:h2:file:~/apiplant.db user=SA
2025-07-26 16:18:48,321 INFO c.z.h.HikariDataSource {getConnection} [main] HikariPool-1 - Start completed.
2025-07-26 16:18:48,348 WARN o.h.e.j.d.i.DialectFactoryImpl {constructDialect} [main] HHH90000025: H2Dialect does not need to be specified explicitly using 'hibernate.dialect' (remove the property setting and it will be selected by default)
2025-07-26 16:18:48,368 INFO o.h.e.j.e.i.JdbcEnvironmentInitiator {logConnectionInfo} [main] HHH10001005: Database info:
	Database JDBC URL [Connecting through datasource 'HikariDataSource (HikariPool-1)']
	Database driver: undefined/unknown
	Database version: 2.3.232
	Autocommit mode: undefined/unknown
	Isolation level: undefined/unknown
	Minimum pool size: undefined/unknown
	Maximum pool size: undefined/unknown
2025-07-26 16:18:49,071 INFO o.h.e.t.j.p.i.JtaPlatformInitiator {initiateService} [main] HHH000489: No JTA platform available (set 'hibernate.transaction.jta.platform' to enable JTA platform integration)
2025-07-26 16:18:49,123 INFO o.s.o.j.AbstractEntityManagerFactoryBean {buildNativeEntityManagerFactory} [main] Initialized JPA EntityManagerFactory for persistence unit 'default'
2025-07-26 16:18:49,445 WARN o.s.b.a.o.j.JpaBaseConfiguration$JpaWebConfiguration {openEntityManagerInViewInterceptor} [main] spring.jpa.open-in-view is enabled by default. Therefore, database queries may be performed during view rendering. Explicitly configure spring.jpa.open-in-view to disable this warning
2025-07-26 16:18:49,623 INFO o.s.b.a.h.H2ConsoleAutoConfiguration$H2ConsoleLogger {log} [main] H2 console available at '/h2-console'. Database available at 'jdbc:h2:file:~/apiplant.db'
2025-07-26 16:18:49,656 INFO o.a.j.l.DirectJDKLog {log} [main] Starting ProtocolHandler ["http-nio-8080"]
2025-07-26 16:18:49,676 INFO o.s.b.w.e.t.TomcatWebServer {start} [main] Tomcat started on port 8080 (http) with context path '/'
2025-07-26 16:18:49,682 INFO o.s.b.StartupInfoLogger {logStarted} [main] Started ApiPlantApplication in 3.393 seconds (process running for 3.665)
2025-07-26 16:19:06,384 INFO o.a.j.l.DirectJDKLog {log} [http-nio-8080-exec-1] Initializing Spring DispatcherServlet 'dispatcherServlet'
2025-07-26 16:19:06,384 INFO o.s.w.s.FrameworkServlet {initServletBean} [http-nio-8080-exec-1] Initializing Servlet 'dispatcherServlet'
2025-07-26 16:19:06,386 INFO o.s.w.s.FrameworkServlet {initServletBean} [http-nio-8080-exec-1] Completed initialization in 1 ms
2025-07-26 16:24:07,518 INFO o.s.b.w.e.t.GracefulShutdown {shutDownGracefully} [SpringApplicationShutdownHook] Commencing graceful shutdown. Waiting for active requests to complete
2025-07-26 16:24:07,599 INFO o.s.b.w.e.t.GracefulShutdown {doShutdown} [tomcat-shutdown] Graceful shutdown complete
2025-07-26 16:24:07,602 INFO o.s.o.j.AbstractEntityManagerFactoryBean {destroy} [SpringApplicationShutdownHook] Closing JPA EntityManagerFactory for persistence unit 'default'
2025-07-26 16:24:07,602 INFO c.z.h.HikariDataSource {close} [SpringApplicationShutdownHook] HikariPool-1 - Shutdown initiated...
2025-07-26 16:24:07,602 INFO c.z.h.HikariDataSource {close} [SpringApplicationShutdownHook] HikariPool-1 - Shutdown completed.
2025-07-26 16:24:25,571 INFO o.h.v.i.u.Version {<clinit>} [background-preinit] HV000001: Hibernate Validator 8.0.2.Final
2025-07-26 16:24:25,668 INFO o.s.b.StartupInfoLogger {logStarting} [main] Starting ApiPlantApplication using Java 17.0.12 with PID 23556 (C:\Users\maria\OneDrive\Desktop\ApiPlant\target\classes started by maria in C:\Users\maria\OneDrive\Desktop\ApiPlant)
2025-07-26 16:24:25,668 INFO o.s.b.SpringApplication {logStartupProfileInfo} [main] No active profile set, falling back to 1 default profile: "default"
2025-07-26 16:24:26,609 INFO o.s.d.r.c.RepositoryConfigurationDelegate {registerRepositoriesIn} [main] Bootstrapping Spring Data JPA repositories in DEFAULT mode.
2025-07-26 16:24:26,709 INFO o.s.d.r.c.RepositoryConfigurationDelegate {registerRepositoriesIn} [main] Finished Spring Data repository scanning in 87 ms. Found 5 JPA repository interfaces.
2025-07-26 16:24:27,469 INFO o.s.b.w.e.t.TomcatWebServer {initialize} [main] Tomcat initialized with port 8080 (http)
2025-07-26 16:24:27,485 INFO o.a.j.l.DirectJDKLog {log} [main] Initializing ProtocolHandler ["http-nio-8080"]
2025-07-26 16:24:27,485 INFO o.a.j.l.DirectJDKLog {log} [main] Starting service [Tomcat]
2025-07-26 16:24:27,485 INFO o.a.j.l.DirectJDKLog {log} [main] Starting Servlet engine: [Apache Tomcat/10.1.42]
2025-07-26 16:24:27,564 INFO o.a.j.l.DirectJDKLog {log} [main] Initializing Spring embedded WebApplicationContext
2025-07-26 16:24:27,564 INFO o.s.b.w.s.c.ServletWebServerApplicationContext {prepareWebApplicationContext} [main] Root WebApplicationContext: initialization completed in 1830 ms
2025-07-26 16:24:27,767 INFO o.h.j.i.u.LogHelper {logPersistenceUnitInformation} [main] HHH000204: Processing PersistenceUnitInfo [name: default]
2025-07-26 16:24:27,833 INFO o.h.Version {logVersion} [main] HHH000412: Hibernate ORM core version 6.6.18.Final
2025-07-26 16:24:27,875 INFO o.h.c.i.RegionFactoryInitiator {initiateService} [main] HHH000026: Second-level cache disabled
2025-07-26 16:24:28,200 INFO o.s.o.j.p.SpringPersistenceUnitInfo {addTransformer} [main] No LoadTimeWeaver setup: ignoring JPA class transformer
2025-07-26 16:24:28,234 INFO c.z.h.HikariDataSource {getConnection} [main] HikariPool-1 - Starting...
2025-07-26 16:24:28,515 INFO c.z.h.p.HikariPool {checkFailFast} [main] HikariPool-1 - Added connection conn0: url=jdbc:h2:file:~/apiplant.db user=SA
2025-07-26 16:24:28,518 INFO c.z.h.HikariDataSource {getConnection} [main] HikariPool-1 - Start completed.
2025-07-26 16:24:28,551 WARN o.h.e.j.d.i.DialectFactoryImpl {constructDialect} [main] HHH90000025: H2Dialect does not need to be specified explicitly using 'hibernate.dialect' (remove the property setting and it will be selected by default)
2025-07-26 16:24:28,579 INFO o.h.e.j.e.i.JdbcEnvironmentInitiator {logConnectionInfo} [main] HHH10001005: Database info:
	Database JDBC URL [Connecting through datasource 'HikariDataSource (HikariPool-1)']
	Database driver: undefined/unknown
	Database version: 2.3.232
	Autocommit mode: undefined/unknown
	Isolation level: undefined/unknown
	Minimum pool size: undefined/unknown
	Maximum pool size: undefined/unknown
2025-07-26 16:24:29,600 INFO o.h.e.t.j.p.i.JtaPlatformInitiator {initiateService} [main] HHH000489: No JTA platform available (set 'hibernate.transaction.jta.platform' to enable JTA platform integration)
2025-07-26 16:24:29,665 INFO o.s.o.j.AbstractEntityManagerFactoryBean {buildNativeEntityManagerFactory} [main] Initialized JPA EntityManagerFactory for persistence unit 'default'
2025-07-26 16:24:30,093 WARN o.s.b.a.o.j.JpaBaseConfiguration$JpaWebConfiguration {openEntityManagerInViewInterceptor} [main] spring.jpa.open-in-view is enabled by default. Therefore, database queries may be performed during view rendering. Explicitly configure spring.jpa.open-in-view to disable this warning
2025-07-26 16:24:30,367 INFO o.s.b.a.h.H2ConsoleAutoConfiguration$H2ConsoleLogger {log} [main] H2 console available at '/h2-console'. Database available at 'jdbc:h2:file:~/apiplant.db'
2025-07-26 16:24:30,435 INFO o.a.j.l.DirectJDKLog {log} [main] Starting ProtocolHandler ["http-nio-8080"]
2025-07-26 16:24:30,458 INFO o.s.b.w.e.t.TomcatWebServer {start} [main] Tomcat started on port 8080 (http) with context path '/'
2025-07-26 16:24:30,471 INFO o.s.b.StartupInfoLogger {logStarted} [main] Started ApiPlantApplication in 5.519 seconds (process running for 5.984)
2025-07-26 16:24:33,843 INFO o.a.j.l.DirectJDKLog {log} [http-nio-8080-exec-1] Initializing Spring DispatcherServlet 'dispatcherServlet'
2025-07-26 16:24:33,844 INFO o.s.w.s.FrameworkServlet {initServletBean} [http-nio-8080-exec-1] Initializing Servlet 'dispatcherServlet'
2025-07-26 16:24:33,845 INFO o.s.w.s.FrameworkServlet {initServletBean} [http-nio-8080-exec-1] Completed initialization in 1 ms
2025-07-26 16:26:30,898 INFO o.s.b.w.e.t.GracefulShutdown {shutDownGracefully} [SpringApplicationShutdownHook] Commencing graceful shutdown. Waiting for active requests to complete
2025-07-26 16:26:30,978 INFO o.s.b.w.e.t.GracefulShutdown {doShutdown} [tomcat-shutdown] Graceful shutdown complete
2025-07-26 16:26:30,978 INFO o.s.o.j.AbstractEntityManagerFactoryBean {destroy} [SpringApplicationShutdownHook] Closing JPA EntityManagerFactory for persistence unit 'default'
2025-07-26 16:26:30,978 INFO c.z.h.HikariDataSource {close} [SpringApplicationShutdownHook] HikariPool-1 - Shutdown initiated...
2025-07-26 16:26:30,978 INFO c.z.h.HikariDataSource {close} [SpringApplicationShutdownHook] HikariPool-1 - Shutdown completed.
2025-07-26 16:26:40,502 INFO o.h.v.i.u.Version {<clinit>} [background-preinit] HV000001: Hibernate Validator 8.0.2.Final
2025-07-26 16:26:40,550 INFO o.s.b.StartupInfoLogger {logStarting} [main] Starting ApiPlantApplication using Java 17.0.12 with PID 15568 (C:\Users\maria\OneDrive\Desktop\ApiPlant\target\classes started by maria in C:\Users\maria\OneDrive\Desktop\ApiPlant)
2025-07-26 16:26:40,550 INFO o.s.b.SpringApplication {logStartupProfileInfo} [main] No active profile set, falling back to 1 default profile: "default"
2025-07-26 16:26:41,123 INFO o.s.d.r.c.RepositoryConfigurationDelegate {registerRepositoriesIn} [main] Bootstrapping Spring Data JPA repositories in DEFAULT mode.
2025-07-26 16:26:41,180 INFO o.s.d.r.c.RepositoryConfigurationDelegate {registerRepositoriesIn} [main] Finished Spring Data repository scanning in 49 ms. Found 5 JPA repository interfaces.
2025-07-26 16:26:41,593 INFO o.s.b.w.e.t.TomcatWebServer {initialize} [main] Tomcat initialized with port 8080 (http)
2025-07-26 16:26:41,604 INFO o.a.j.l.DirectJDKLog {log} [main] Initializing ProtocolHandler ["http-nio-8080"]
2025-07-26 16:26:41,607 INFO o.a.j.l.DirectJDKLog {log} [main] Starting service [Tomcat]
2025-07-26 16:26:41,608 INFO o.a.j.l.DirectJDKLog {log} [main] Starting Servlet engine: [Apache Tomcat/10.1.42]
2025-07-26 16:26:41,651 INFO o.a.j.l.DirectJDKLog {log} [main] Initializing Spring embedded WebApplicationContext
2025-07-26 16:26:41,658 INFO o.s.b.w.s.c.ServletWebServerApplicationContext {prepareWebApplicationContext} [main] Root WebApplicationContext: initialization completed in 1066 ms
2025-07-26 16:26:41,765 INFO o.h.j.i.u.LogHelper {logPersistenceUnitInformation} [main] HHH000204: Processing PersistenceUnitInfo [name: default]
2025-07-26 16:26:41,799 INFO o.h.Version {logVersion} [main] HHH000412: Hibernate ORM core version 6.6.18.Final
2025-07-26 16:26:41,829 INFO o.h.c.i.RegionFactoryInitiator {initiateService} [main] HHH000026: Second-level cache disabled
2025-07-26 16:26:42,026 INFO o.s.o.j.p.SpringPersistenceUnitInfo {addTransformer} [main] No LoadTimeWeaver setup: ignoring JPA class transformer
2025-07-26 16:26:42,050 INFO c.z.h.HikariDataSource {getConnection} [main] HikariPool-1 - Starting...
2025-07-26 16:26:42,230 INFO c.z.h.p.HikariPool {checkFailFast} [main] HikariPool-1 - Added connection conn0: url=jdbc:h2:file:~/apiplant.db user=SA
2025-07-26 16:26:42,232 INFO c.z.h.HikariDataSource {getConnection} [main] HikariPool-1 - Start completed.
2025-07-26 16:26:42,249 WARN o.h.e.j.d.i.DialectFactoryImpl {constructDialect} [main] HHH90000025: H2Dialect does not need to be specified explicitly using 'hibernate.dialect' (remove the property setting and it will be selected by default)
2025-07-26 16:26:42,269 INFO o.h.e.j.e.i.JdbcEnvironmentInitiator {logConnectionInfo} [main] HHH10001005: Database info:
	Database JDBC URL [Connecting through datasource 'HikariDataSource (HikariPool-1)']
	Database driver: undefined/unknown
	Database version: 2.3.232
	Autocommit mode: undefined/unknown
	Isolation level: undefined/unknown
	Minimum pool size: undefined/unknown
	Maximum pool size: undefined/unknown
2025-07-26 16:26:43,024 INFO o.h.e.t.j.p.i.JtaPlatformInitiator {initiateService} [main] HHH000489: No JTA platform available (set 'hibernate.transaction.jta.platform' to enable JTA platform integration)
2025-07-26 16:26:43,076 INFO o.s.o.j.AbstractEntityManagerFactoryBean {buildNativeEntityManagerFactory} [main] Initialized JPA EntityManagerFactory for persistence unit 'default'
2025-07-26 16:26:43,436 WARN o.s.b.a.o.j.JpaBaseConfiguration$JpaWebConfiguration {openEntityManagerInViewInterceptor} [main] spring.jpa.open-in-view is enabled by default. Therefore, database queries may be performed during view rendering. Explicitly configure spring.jpa.open-in-view to disable this warning
2025-07-26 16:26:43,770 INFO o.s.b.a.h.H2ConsoleAutoConfiguration$H2ConsoleLogger {log} [main] H2 console available at '/h2-console'. Database available at 'jdbc:h2:file:~/apiplant.db'
2025-07-26 16:26:43,823 INFO o.a.j.l.DirectJDKLog {log} [main] Starting ProtocolHandler ["http-nio-8080"]
2025-07-26 16:26:43,855 INFO o.s.b.w.e.t.TomcatWebServer {start} [main] Tomcat started on port 8080 (http) with context path '/'
2025-07-26 16:26:43,862 INFO o.s.b.StartupInfoLogger {logStarted} [main] Started ApiPlantApplication in 3.69 seconds (process running for 3.932)
2025-07-26 16:26:47,115 INFO o.a.j.l.DirectJDKLog {log} [http-nio-8080-exec-1] Initializing Spring DispatcherServlet 'dispatcherServlet'
2025-07-26 16:26:47,116 INFO o.s.w.s.FrameworkServlet {initServletBean} [http-nio-8080-exec-1] Initializing Servlet 'dispatcherServlet'
2025-07-26 16:26:47,118 INFO o.s.w.s.FrameworkServlet {initServletBean} [http-nio-8080-exec-1] Completed initialization in 2 ms
2025-07-26 16:30:28,805 INFO o.s.b.w.e.t.GracefulShutdown {shutDownGracefully} [SpringApplicationShutdownHook] Commencing graceful shutdown. Waiting for active requests to complete
2025-07-26 16:30:28,888 INFO o.s.b.w.e.t.GracefulShutdown {doShutdown} [tomcat-shutdown] Graceful shutdown complete
2025-07-26 16:30:28,896 INFO o.s.o.j.AbstractEntityManagerFactoryBean {destroy} [SpringApplicationShutdownHook] Closing JPA EntityManagerFactory for persistence unit 'default'
2025-07-26 16:30:28,900 INFO c.z.h.HikariDataSource {close} [SpringApplicationShutdownHook] HikariPool-1 - Shutdown initiated...
2025-07-26 16:30:28,900 INFO c.z.h.HikariDataSource {close} [SpringApplicationShutdownHook] HikariPool-1 - Shutdown completed.
2025-07-26 16:30:38,799 INFO o.h.v.i.u.Version {<clinit>} [background-preinit] HV000001: Hibernate Validator 8.0.2.Final
2025-07-26 16:30:38,850 INFO o.s.b.StartupInfoLogger {logStarting} [main] Starting ApiPlantApplication using Java 17.0.12 with PID 13812 (C:\Users\maria\OneDrive\Desktop\ApiPlant\target\classes started by maria in C:\Users\maria\OneDrive\Desktop\ApiPlant)
2025-07-26 16:30:38,854 INFO o.s.b.SpringApplication {logStartupProfileInfo} [main] No active profile set, falling back to 1 default profile: "default"
2025-07-26 16:30:39,288 INFO o.s.d.r.c.RepositoryConfigurationDelegate {registerRepositoriesIn} [main] Bootstrapping Spring Data JPA repositories in DEFAULT mode.
2025-07-26 16:30:39,338 INFO o.s.d.r.c.RepositoryConfigurationDelegate {registerRepositoriesIn} [main] Finished Spring Data repository scanning in 45 ms. Found 5 JPA repository interfaces.
2025-07-26 16:30:39,716 INFO o.s.b.w.e.t.TomcatWebServer {initialize} [main] Tomcat initialized with port 8080 (http)
2025-07-26 16:30:39,722 INFO o.a.j.l.DirectJDKLog {log} [main] Initializing ProtocolHandler ["http-nio-8080"]
2025-07-26 16:30:39,722 INFO o.a.j.l.DirectJDKLog {log} [main] Starting service [Tomcat]
2025-07-26 16:30:39,722 INFO o.a.j.l.DirectJDKLog {log} [main] Starting Servlet engine: [Apache Tomcat/10.1.42]
2025-07-26 16:30:39,763 INFO o.a.j.l.DirectJDKLog {log} [main] Initializing Spring embedded WebApplicationContext
2025-07-26 16:30:39,763 INFO o.s.b.w.s.c.ServletWebServerApplicationContext {prepareWebApplicationContext} [main] Root WebApplicationContext: initialization completed in 884 ms
2025-07-26 16:30:39,871 INFO o.h.j.i.u.LogHelper {logPersistenceUnitInformation} [main] HHH000204: Processing PersistenceUnitInfo [name: default]
2025-07-26 16:30:39,904 INFO o.h.Version {logVersion} [main] HHH000412: Hibernate ORM core version 6.6.18.Final
2025-07-26 16:30:39,934 INFO o.h.c.i.RegionFactoryInitiator {initiateService} [main] HHH000026: Second-level cache disabled
2025-07-26 16:30:40,130 INFO o.s.o.j.p.SpringPersistenceUnitInfo {addTransformer} [main] No LoadTimeWeaver setup: ignoring JPA class transformer
2025-07-26 16:30:40,154 INFO c.z.h.HikariDataSource {getConnection} [main] HikariPool-1 - Starting...
2025-07-26 16:30:40,332 INFO c.z.h.p.HikariPool {checkFailFast} [main] HikariPool-1 - Added connection conn0: url=jdbc:h2:file:~/apiplant.db user=SA
2025-07-26 16:30:40,334 INFO c.z.h.HikariDataSource {getConnection} [main] HikariPool-1 - Start completed.
2025-07-26 16:30:40,350 WARN o.h.e.j.d.i.DialectFactoryImpl {constructDialect} [main] HHH90000025: H2Dialect does not need to be specified explicitly using 'hibernate.dialect' (remove the property setting and it will be selected by default)
2025-07-26 16:30:40,366 INFO o.h.e.j.e.i.JdbcEnvironmentInitiator {logConnectionInfo} [main] HHH10001005: Database info:
	Database JDBC URL [Connecting through datasource 'HikariDataSource (HikariPool-1)']
	Database driver: undefined/unknown
	Database version: 2.3.232
	Autocommit mode: undefined/unknown
	Isolation level: undefined/unknown
	Minimum pool size: undefined/unknown
	Maximum pool size: undefined/unknown
2025-07-26 16:30:41,066 INFO o.h.e.t.j.p.i.JtaPlatformInitiator {initiateService} [main] HHH000489: No JTA platform available (set 'hibernate.transaction.jta.platform' to enable JTA platform integration)
2025-07-26 16:30:41,114 INFO o.s.o.j.AbstractEntityManagerFactoryBean {buildNativeEntityManagerFactory} [main] Initialized JPA EntityManagerFactory for persistence unit 'default'
2025-07-26 16:30:41,440 WARN o.s.b.a.o.j.JpaBaseConfiguration$JpaWebConfiguration {openEntityManagerInViewInterceptor} [main] spring.jpa.open-in-view is enabled by default. Therefore, database queries may be performed during view rendering. Explicitly configure spring.jpa.open-in-view to disable this warning
2025-07-26 16:30:41,638 INFO o.s.b.a.h.H2ConsoleAutoConfiguration$H2ConsoleLogger {log} [main] H2 console available at '/h2-console'. Database available at 'jdbc:h2:file:~/apiplant.db'
2025-07-26 16:30:41,674 INFO o.a.j.l.DirectJDKLog {log} [main] Starting ProtocolHandler ["http-nio-8080"]
2025-07-26 16:30:41,689 INFO o.s.b.w.e.t.TomcatWebServer {start} [main] Tomcat started on port 8080 (http) with context path '/'
2025-07-26 16:30:41,697 INFO o.s.b.StartupInfoLogger {logStarted} [main] Started ApiPlantApplication in 3.213 seconds (process running for 3.45)
2025-07-26 16:37:23,710 INFO o.s.b.w.e.t.GracefulShutdown {shutDownGracefully} [SpringApplicationShutdownHook] Commencing graceful shutdown. Waiting for active requests to complete
2025-07-26 16:37:23,800 INFO o.s.b.w.e.t.GracefulShutdown {doShutdown} [tomcat-shutdown] Graceful shutdown complete
2025-07-26 16:37:23,804 INFO o.s.o.j.AbstractEntityManagerFactoryBean {destroy} [SpringApplicationShutdownHook] Closing JPA EntityManagerFactory for persistence unit 'default'
2025-07-26 16:37:23,804 INFO c.z.h.HikariDataSource {close} [SpringApplicationShutdownHook] HikariPool-1 - Shutdown initiated...
2025-07-26 16:37:23,804 INFO c.z.h.HikariDataSource {close} [SpringApplicationShutdownHook] HikariPool-1 - Shutdown completed.
2025-07-26 16:37:34,973 INFO o.h.v.i.u.Version {<clinit>} [background-preinit] HV000001: Hibernate Validator 8.0.2.Final
2025-07-26 16:37:35,017 INFO o.s.b.StartupInfoLogger {logStarting} [main] Starting ApiPlantApplication using Java 17.0.12 with PID 4080 (C:\Users\maria\OneDrive\Desktop\ApiPlant\target\classes started by maria in C:\Users\maria\OneDrive\Desktop\ApiPlant)
2025-07-26 16:37:35,017 INFO o.s.b.SpringApplication {logStartupProfileInfo} [main] No active profile set, falling back to 1 default profile: "default"
2025-07-26 16:37:35,519 INFO o.s.d.r.c.RepositoryConfigurationDelegate {registerRepositoriesIn} [main] Bootstrapping Spring Data JPA repositories in DEFAULT mode.
2025-07-26 16:37:35,575 INFO o.s.d.r.c.RepositoryConfigurationDelegate {registerRepositoriesIn} [main] Finished Spring Data repository scanning in 52 ms. Found 5 JPA repository interfaces.
2025-07-26 16:37:35,983 INFO o.s.b.w.e.t.TomcatWebServer {initialize} [main] Tomcat initialized with port 8080 (http)
2025-07-26 16:37:35,992 INFO o.a.j.l.DirectJDKLog {log} [main] Initializing ProtocolHandler ["http-nio-8080"]
2025-07-26 16:37:35,999 INFO o.a.j.l.DirectJDKLog {log} [main] Starting service [Tomcat]
2025-07-26 16:37:35,999 INFO o.a.j.l.DirectJDKLog {log} [main] Starting Servlet engine: [Apache Tomcat/10.1.42]
2025-07-26 16:37:36,041 INFO o.a.j.l.DirectJDKLog {log} [main] Initializing Spring embedded WebApplicationContext
2025-07-26 16:37:36,049 INFO o.s.b.w.s.c.ServletWebServerApplicationContext {prepareWebApplicationContext} [main] Root WebApplicationContext: initialization completed in 985 ms
2025-07-26 16:37:36,157 INFO o.h.j.i.u.LogHelper {logPersistenceUnitInformation} [main] HHH000204: Processing PersistenceUnitInfo [name: default]
2025-07-26 16:37:36,199 INFO o.h.Version {logVersion} [main] HHH000412: Hibernate ORM core version 6.6.18.Final
2025-07-26 16:37:36,216 INFO o.h.c.i.RegionFactoryInitiator {initiateService} [main] HHH000026: Second-level cache disabled
2025-07-26 16:37:36,416 INFO o.s.o.j.p.SpringPersistenceUnitInfo {addTransformer} [main] No LoadTimeWeaver setup: ignoring JPA class transformer
2025-07-26 16:37:36,441 INFO c.z.h.HikariDataSource {getConnection} [main] HikariPool-1 - Starting...
2025-07-26 16:37:36,614 INFO c.z.h.p.HikariPool {checkFailFast} [main] HikariPool-1 - Added connection conn0: url=jdbc:h2:file:~/apiplant.db user=SA
2025-07-26 16:37:36,616 INFO c.z.h.HikariDataSource {getConnection} [main] HikariPool-1 - Start completed.
2025-07-26 16:37:36,631 WARN o.h.e.j.d.i.DialectFactoryImpl {constructDialect} [main] HHH90000025: H2Dialect does not need to be specified explicitly using 'hibernate.dialect' (remove the property setting and it will be selected by default)
2025-07-26 16:37:36,651 INFO o.h.e.j.e.i.JdbcEnvironmentInitiator {logConnectionInfo} [main] HHH10001005: Database info:
	Database JDBC URL [Connecting through datasource 'HikariDataSource (HikariPool-1)']
	Database driver: undefined/unknown
	Database version: 2.3.232
	Autocommit mode: undefined/unknown
	Isolation level: undefined/unknown
	Minimum pool size: undefined/unknown
	Maximum pool size: undefined/unknown
2025-07-26 16:37:37,436 INFO o.h.e.t.j.p.i.JtaPlatformInitiator {initiateService} [main] HHH000489: No JTA platform available (set 'hibernate.transaction.jta.platform' to enable JTA platform integration)
2025-07-26 16:37:37,484 INFO o.s.o.j.AbstractEntityManagerFactoryBean {buildNativeEntityManagerFactory} [main] Initialized JPA EntityManagerFactory for persistence unit 'default'
2025-07-26 16:37:37,820 WARN o.s.b.a.o.j.JpaBaseConfiguration$JpaWebConfiguration {openEntityManagerInViewInterceptor} [main] spring.jpa.open-in-view is enabled by default. Therefore, database queries may be performed during view rendering. Explicitly configure spring.jpa.open-in-view to disable this warning
2025-07-26 16:37:38,035 INFO o.s.b.a.h.H2ConsoleAutoConfiguration$H2ConsoleLogger {log} [main] H2 console available at '/h2-console'. Database available at 'jdbc:h2:file:~/apiplant.db'
2025-07-26 16:37:38,073 INFO o.a.j.l.DirectJDKLog {log} [main] Starting ProtocolHandler ["http-nio-8080"]
2025-07-26 16:37:38,089 INFO o.s.b.w.e.t.TomcatWebServer {start} [main] Tomcat started on port 8080 (http) with context path '/'
2025-07-26 16:37:38,097 INFO o.s.b.StartupInfoLogger {logStarted} [main] Started ApiPlantApplication in 3.449 seconds (process running for 3.702)
2025-07-26 16:37:46,601 INFO o.a.j.l.DirectJDKLog {log} [http-nio-8080-exec-1] Initializing Spring DispatcherServlet 'dispatcherServlet'
2025-07-26 16:37:46,602 INFO o.s.w.s.FrameworkServlet {initServletBean} [http-nio-8080-exec-1] Initializing Servlet 'dispatcherServlet'
2025-07-26 16:37:46,603 INFO o.s.w.s.FrameworkServlet {initServletBean} [http-nio-8080-exec-1] Completed initialization in 1 ms
2025-07-26 16:47:45,544 INFO o.s.b.w.e.t.GracefulShutdown {shutDownGracefully} [SpringApplicationShutdownHook] Commencing graceful shutdown. Waiting for active requests to complete
2025-07-26 16:47:45,622 INFO o.s.b.w.e.t.GracefulShutdown {doShutdown} [tomcat-shutdown] Graceful shutdown complete
2025-07-26 16:47:45,622 INFO o.s.o.j.AbstractEntityManagerFactoryBean {destroy} [SpringApplicationShutdownHook] Closing JPA EntityManagerFactory for persistence unit 'default'
2025-07-26 16:47:45,622 INFO c.z.h.HikariDataSource {close} [SpringApplicationShutdownHook] HikariPool-1 - Shutdown initiated...
2025-07-26 16:47:45,622 INFO c.z.h.HikariDataSource {close} [SpringApplicationShutdownHook] HikariPool-1 - Shutdown completed.
2025-07-26 16:47:55,814 INFO o.h.v.i.u.Version {<clinit>} [background-preinit] HV000001: Hibernate Validator 8.0.2.Final
2025-07-26 16:47:55,864 INFO o.s.b.StartupInfoLogger {logStarting} [main] Starting ApiPlantApplication using Java 17.0.12 with PID 16792 (C:\Users\maria\OneDrive\Desktop\ApiPlant\target\classes started by maria in C:\Users\maria\OneDrive\Desktop\ApiPlant)
2025-07-26 16:47:55,864 INFO o.s.b.SpringApplication {logStartupProfileInfo} [main] No active profile set, falling back to 1 default profile: "default"
2025-07-26 16:47:56,369 INFO o.s.d.r.c.RepositoryConfigurationDelegate {registerRepositoriesIn} [main] Bootstrapping Spring Data JPA repositories in DEFAULT mode.
2025-07-26 16:47:56,414 INFO o.s.d.r.c.RepositoryConfigurationDelegate {registerRepositoriesIn} [main] Finished Spring Data repository scanning in 45 ms. Found 5 JPA repository interfaces.
2025-07-26 16:47:56,795 INFO o.s.b.w.e.t.TomcatWebServer {initialize} [main] Tomcat initialized with port 8080 (http)
2025-07-26 16:47:56,811 INFO o.a.j.l.DirectJDKLog {log} [main] Initializing ProtocolHandler ["http-nio-8080"]
2025-07-26 16:47:56,811 INFO o.a.j.l.DirectJDKLog {log} [main] Starting service [Tomcat]
2025-07-26 16:47:56,811 INFO o.a.j.l.DirectJDKLog {log} [main] Starting Servlet engine: [Apache Tomcat/10.1.42]
2025-07-26 16:47:56,846 INFO o.a.j.l.DirectJDKLog {log} [main] Initializing Spring embedded WebApplicationContext
2025-07-26 16:47:56,846 INFO o.s.b.w.s.c.ServletWebServerApplicationContext {prepareWebApplicationContext} [main] Root WebApplicationContext: initialization completed in 945 ms
2025-07-26 16:47:56,954 INFO o.h.j.i.u.LogHelper {logPersistenceUnitInformation} [main] HHH000204: Processing PersistenceUnitInfo [name: default]
2025-07-26 16:47:56,985 INFO o.h.Version {logVersion} [main] HHH000412: Hibernate ORM core version 6.6.18.Final
2025-07-26 16:47:57,023 INFO o.h.c.i.RegionFactoryInitiator {initiateService} [main] HHH000026: Second-level cache disabled
2025-07-26 16:47:57,192 INFO o.s.o.j.p.SpringPersistenceUnitInfo {addTransformer} [main] No LoadTimeWeaver setup: ignoring JPA class transformer
2025-07-26 16:47:57,227 INFO c.z.h.HikariDataSource {getConnection} [main] HikariPool-1 - Starting...
2025-07-26 16:47:57,401 INFO c.z.h.p.HikariPool {checkFailFast} [main] HikariPool-1 - Added connection conn0: url=jdbc:h2:file:~/apiplant.db user=SA
2025-07-26 16:47:57,403 INFO c.z.h.HikariDataSource {getConnection} [main] HikariPool-1 - Start completed.
2025-07-26 16:47:57,422 WARN o.h.e.j.d.i.DialectFactoryImpl {constructDialect} [main] HHH90000025: H2Dialect does not need to be specified explicitly using 'hibernate.dialect' (remove the property setting and it will be selected by default)
2025-07-26 16:47:57,441 INFO o.h.e.j.e.i.JdbcEnvironmentInitiator {logConnectionInfo} [main] HHH10001005: Database info:
	Database JDBC URL [Connecting through datasource 'HikariDataSource (HikariPool-1)']
	Database driver: undefined/unknown
	Database version: 2.3.232
	Autocommit mode: undefined/unknown
	Isolation level: undefined/unknown
	Minimum pool size: undefined/unknown
	Maximum pool size: undefined/unknown
2025-07-26 16:47:58,172 INFO o.h.e.t.j.p.i.JtaPlatformInitiator {initiateService} [main] HHH000489: No JTA platform available (set 'hibernate.transaction.jta.platform' to enable JTA platform integration)
2025-07-26 16:47:58,221 INFO o.s.o.j.AbstractEntityManagerFactoryBean {buildNativeEntityManagerFactory} [main] Initialized JPA EntityManagerFactory for persistence unit 'default'
2025-07-26 16:47:58,536 WARN o.s.b.a.o.j.JpaBaseConfiguration$JpaWebConfiguration {openEntityManagerInViewInterceptor} [main] spring.jpa.open-in-view is enabled by default. Therefore, database queries may be performed during view rendering. Explicitly configure spring.jpa.open-in-view to disable this warning
2025-07-26 16:47:58,745 INFO o.s.b.a.h.H2ConsoleAutoConfiguration$H2ConsoleLogger {log} [main] H2 console available at '/h2-console'. Database available at 'jdbc:h2:file:~/apiplant.db'
2025-07-26 16:47:58,789 INFO o.a.j.l.DirectJDKLog {log} [main] Starting ProtocolHandler ["http-nio-8080"]
2025-07-26 16:47:58,805 INFO o.s.b.w.e.t.TomcatWebServer {start} [main] Tomcat started on port 8080 (http) with context path '/'
2025-07-26 16:47:58,813 INFO o.s.b.StartupInfoLogger {logStarted} [main] Started ApiPlantApplication in 3.316 seconds (process running for 3.522)
2025-07-26 16:48:11,494 INFO o.a.j.l.DirectJDKLog {log} [http-nio-8080-exec-1] Initializing Spring DispatcherServlet 'dispatcherServlet'
2025-07-26 16:48:11,495 INFO o.s.w.s.FrameworkServlet {initServletBean} [http-nio-8080-exec-1] Initializing Servlet 'dispatcherServlet'
2025-07-26 16:48:11,496 INFO o.s.w.s.FrameworkServlet {initServletBean} [http-nio-8080-exec-1] Completed initialization in 1 ms
2025-07-26 16:48:30,685 INFO o.s.b.w.e.t.GracefulShutdown {shutDownGracefully} [SpringApplicationShutdownHook] Commencing graceful shutdown. Waiting for active requests to complete
2025-07-26 16:48:30,763 INFO o.s.b.w.e.t.GracefulShutdown {doShutdown} [tomcat-shutdown] Graceful shutdown complete
2025-07-26 16:48:30,763 INFO o.s.o.j.AbstractEntityManagerFactoryBean {destroy} [SpringApplicationShutdownHook] Closing JPA EntityManagerFactory for persistence unit 'default'
2025-07-26 16:48:30,763 INFO c.z.h.HikariDataSource {close} [SpringApplicationShutdownHook] HikariPool-1 - Shutdown initiated...
2025-07-26 16:48:30,763 INFO c.z.h.HikariDataSource {close} [SpringApplicationShutdownHook] HikariPool-1 - Shutdown completed.
2025-07-26 16:48:40,612 INFO o.h.v.i.u.Version {<clinit>} [background-preinit] HV000001: Hibernate Validator 8.0.2.Final
2025-07-26 16:48:40,655 INFO o.s.b.StartupInfoLogger {logStarting} [main] Starting ApiPlantApplication using Java 17.0.12 with PID 20072 (C:\Users\maria\OneDrive\Desktop\ApiPlant\target\classes started by maria in C:\Users\maria\OneDrive\Desktop\ApiPlant)
2025-07-26 16:48:40,655 INFO o.s.b.SpringApplication {logStartupProfileInfo} [main] No active profile set, falling back to 1 default profile: "default"
2025-07-26 16:48:41,109 INFO o.s.d.r.c.RepositoryConfigurationDelegate {registerRepositoriesIn} [main] Bootstrapping Spring Data JPA repositories in DEFAULT mode.
2025-07-26 16:48:41,161 INFO o.s.d.r.c.RepositoryConfigurationDelegate {registerRepositoriesIn} [main] Finished Spring Data repository scanning in 44 ms. Found 5 JPA repository interfaces.
2025-07-26 16:48:41,558 INFO o.s.b.w.e.t.TomcatWebServer {initialize} [main] Tomcat initialized with port 8080 (http)
2025-07-26 16:48:41,566 INFO o.a.j.l.DirectJDKLog {log} [main] Initializing ProtocolHandler ["http-nio-8080"]
2025-07-26 16:48:41,567 INFO o.a.j.l.DirectJDKLog {log} [main] Starting service [Tomcat]
2025-07-26 16:48:41,567 INFO o.a.j.l.DirectJDKLog {log} [main] Starting Servlet engine: [Apache Tomcat/10.1.42]
2025-07-26 16:48:41,611 INFO o.a.j.l.DirectJDKLog {log} [main] Initializing Spring embedded WebApplicationContext
2025-07-26 16:48:41,613 INFO o.s.b.w.s.c.ServletWebServerApplicationContext {prepareWebApplicationContext} [main] Root WebApplicationContext: initialization completed in 921 ms
2025-07-26 16:48:41,722 INFO o.h.j.i.u.LogHelper {logPersistenceUnitInformation} [main] HHH000204: Processing PersistenceUnitInfo [name: default]
2025-07-26 16:48:41,752 INFO o.h.Version {logVersion} [main] HHH000412: Hibernate ORM core version 6.6.18.Final
2025-07-26 16:48:41,770 INFO o.h.c.i.RegionFactoryInitiator {initiateService} [main] HHH000026: Second-level cache disabled
2025-07-26 16:48:41,950 INFO o.s.o.j.p.SpringPersistenceUnitInfo {addTransformer} [main] No LoadTimeWeaver setup: ignoring JPA class transformer
2025-07-26 16:48:41,975 INFO c.z.h.HikariDataSource {getConnection} [main] HikariPool-1 - Starting...
2025-07-26 16:48:42,148 INFO c.z.h.p.HikariPool {checkFailFast} [main] HikariPool-1 - Added connection conn0: url=jdbc:h2:file:~/apiplant.db user=SA
2025-07-26 16:48:42,150 INFO c.z.h.HikariDataSource {getConnection} [main] HikariPool-1 - Start completed.
2025-07-26 16:48:42,170 WARN o.h.e.j.d.i.DialectFactoryImpl {constructDialect} [main] HHH90000025: H2Dialect does not need to be specified explicitly using 'hibernate.dialect' (remove the property setting and it will be selected by default)
2025-07-26 16:48:42,193 INFO o.h.e.j.e.i.JdbcEnvironmentInitiator {logConnectionInfo} [main] HHH10001005: Database info:
	Database JDBC URL [Connecting through datasource 'HikariDataSource (HikariPool-1)']
	Database driver: undefined/unknown
	Database version: 2.3.232
	Autocommit mode: undefined/unknown
	Isolation level: undefined/unknown
	Minimum pool size: undefined/unknown
	Maximum pool size: undefined/unknown
2025-07-26 16:48:42,931 INFO o.h.e.t.j.p.i.JtaPlatformInitiator {initiateService} [main] HHH000489: No JTA platform available (set 'hibernate.transaction.jta.platform' to enable JTA platform integration)
2025-07-26 16:48:42,985 INFO o.s.o.j.AbstractEntityManagerFactoryBean {buildNativeEntityManagerFactory} [main] Initialized JPA EntityManagerFactory for persistence unit 'default'
2025-07-26 16:48:43,339 WARN o.s.b.a.o.j.JpaBaseConfiguration$JpaWebConfiguration {openEntityManagerInViewInterceptor} [main] spring.jpa.open-in-view is enabled by default. Therefore, database queries may be performed during view rendering. Explicitly configure spring.jpa.open-in-view to disable this warning
2025-07-26 16:48:43,556 INFO o.s.b.a.h.H2ConsoleAutoConfiguration$H2ConsoleLogger {log} [main] H2 console available at '/h2-console'. Database available at 'jdbc:h2:file:~/apiplant.db'
2025-07-26 16:48:43,598 INFO o.a.j.l.DirectJDKLog {log} [main] Starting ProtocolHandler ["http-nio-8080"]
2025-07-26 16:48:43,618 INFO o.s.b.w.e.t.TomcatWebServer {start} [main] Tomcat started on port 8080 (http) with context path '/'
2025-07-26 16:48:43,625 INFO o.s.b.StartupInfoLogger {logStarted} [main] Started ApiPlantApplication in 3.35 seconds (process running for 3.686)
2025-07-26 16:48:47,496 INFO o.a.j.l.DirectJDKLog {log} [http-nio-8080-exec-1] Initializing Spring DispatcherServlet 'dispatcherServlet'
2025-07-26 16:48:47,497 INFO o.s.w.s.FrameworkServlet {initServletBean} [http-nio-8080-exec-1] Initializing Servlet 'dispatcherServlet'
2025-07-26 16:48:47,498 INFO o.s.w.s.FrameworkServlet {initServletBean} [http-nio-8080-exec-1] Completed initialization in 1 ms
2025-07-26 17:10:05,657 INFO o.s.b.w.e.t.GracefulShutdown {shutDownGracefully} [SpringApplicationShutdownHook] Commencing graceful shutdown. Waiting for active requests to complete
2025-07-26 17:10:05,737 INFO o.s.b.w.e.t.GracefulShutdown {doShutdown} [tomcat-shutdown] Graceful shutdown complete
2025-07-26 17:10:05,737 INFO o.s.o.j.AbstractEntityManagerFactoryBean {destroy} [SpringApplicationShutdownHook] Closing JPA EntityManagerFactory for persistence unit 'default'
2025-07-26 17:10:05,737 INFO c.z.h.HikariDataSource {close} [SpringApplicationShutdownHook] HikariPool-1 - Shutdown initiated...
2025-07-26 17:10:05,737 INFO c.z.h.HikariDataSource {close} [SpringApplicationShutdownHook] HikariPool-1 - Shutdown completed.
2025-07-26 17:10:14,678 INFO o.h.v.i.u.Version {<clinit>} [background-preinit] HV000001: Hibernate Validator 8.0.2.Final
2025-07-26 17:10:14,735 INFO o.s.b.StartupInfoLogger {logStarting} [main] Starting ApiPlantApplication using Java 17.0.12 with PID 5016 (C:\Users\maria\OneDrive\Desktop\ApiPlant\target\classes started by maria in C:\Users\maria\OneDrive\Desktop\ApiPlant)
2025-07-26 17:10:14,737 INFO o.s.b.SpringApplication {logStartupProfileInfo} [main] No active profile set, falling back to 1 default profile: "default"
2025-07-26 17:10:15,220 INFO o.s.d.r.c.RepositoryConfigurationDelegate {registerRepositoriesIn} [main] Bootstrapping Spring Data JPA repositories in DEFAULT mode.
2025-07-26 17:10:15,266 INFO o.s.d.r.c.RepositoryConfigurationDelegate {registerRepositoriesIn} [main] Finished Spring Data repository scanning in 39 ms. Found 5 JPA repository interfaces.
2025-07-26 17:10:15,668 INFO o.s.b.w.e.t.TomcatWebServer {initialize} [main] Tomcat initialized with port 8080 (http)
2025-07-26 17:10:15,677 INFO o.a.j.l.DirectJDKLog {log} [main] Initializing ProtocolHandler ["http-nio-8080"]
2025-07-26 17:10:15,687 INFO o.a.j.l.DirectJDKLog {log} [main] Starting service [Tomcat]
2025-07-26 17:10:15,688 INFO o.a.j.l.DirectJDKLog {log} [main] Starting Servlet engine: [Apache Tomcat/10.1.42]
2025-07-26 17:10:15,736 INFO o.a.j.l.DirectJDKLog {log} [main] Initializing Spring embedded WebApplicationContext
2025-07-26 17:10:15,738 INFO o.s.b.w.s.c.ServletWebServerApplicationContext {prepareWebApplicationContext} [main] Root WebApplicationContext: initialization completed in 967 ms
2025-07-26 17:10:15,858 INFO o.h.j.i.u.LogHelper {logPersistenceUnitInformation} [main] HHH000204: Processing PersistenceUnitInfo [name: default]
2025-07-26 17:10:15,887 INFO o.h.Version {logVersion} [main] HHH000412: Hibernate ORM core version 6.6.18.Final
2025-07-26 17:10:15,918 INFO o.h.c.i.RegionFactoryInitiator {initiateService} [main] HHH000026: Second-level cache disabled
2025-07-26 17:10:16,119 INFO o.s.o.j.p.SpringPersistenceUnitInfo {addTransformer} [main] No LoadTimeWeaver setup: ignoring JPA class transformer
2025-07-26 17:10:16,144 INFO c.z.h.HikariDataSource {getConnection} [main] HikariPool-1 - Starting...
2025-07-26 17:10:16,330 INFO c.z.h.p.HikariPool {checkFailFast} [main] HikariPool-1 - Added connection conn0: url=jdbc:h2:file:~/apiplant.db user=SA
2025-07-26 17:10:16,332 INFO c.z.h.HikariDataSource {getConnection} [main] HikariPool-1 - Start completed.
2025-07-26 17:10:16,349 WARN o.h.e.j.d.i.DialectFactoryImpl {constructDialect} [main] HHH90000025: H2Dialect does not need to be specified explicitly using 'hibernate.dialect' (remove the property setting and it will be selected by default)
2025-07-26 17:10:16,366 INFO o.h.e.j.e.i.JdbcEnvironmentInitiator {logConnectionInfo} [main] HHH10001005: Database info:
	Database JDBC URL [Connecting through datasource 'HikariDataSource (HikariPool-1)']
	Database driver: undefined/unknown
	Database version: 2.3.232
	Autocommit mode: undefined/unknown
	Isolation level: undefined/unknown
	Minimum pool size: undefined/unknown
	Maximum pool size: undefined/unknown
2025-07-26 17:10:17,106 INFO o.h.e.t.j.p.i.JtaPlatformInitiator {initiateService} [main] HHH000489: No JTA platform available (set 'hibernate.transaction.jta.platform' to enable JTA platform integration)
2025-07-26 17:10:17,159 INFO o.s.o.j.AbstractEntityManagerFactoryBean {buildNativeEntityManagerFactory} [main] Initialized JPA EntityManagerFactory for persistence unit 'default'
2025-07-26 17:10:17,555 WARN o.s.b.a.o.j.JpaBaseConfiguration$JpaWebConfiguration {openEntityManagerInViewInterceptor} [main] spring.jpa.open-in-view is enabled by default. Therefore, database queries may be performed during view rendering. Explicitly configure spring.jpa.open-in-view to disable this warning
2025-07-26 17:10:17,806 INFO o.s.b.a.h.H2ConsoleAutoConfiguration$H2ConsoleLogger {log} [main] H2 console available at '/h2-console'. Database available at 'jdbc:h2:file:~/apiplant.db'
2025-07-26 17:10:17,858 INFO o.a.j.l.DirectJDKLog {log} [main] Starting ProtocolHandler ["http-nio-8080"]
2025-07-26 17:10:17,885 INFO o.s.b.w.e.t.TomcatWebServer {start} [main] Tomcat started on port 8080 (http) with context path '/'
2025-07-26 17:10:17,895 INFO o.s.b.StartupInfoLogger {logStarted} [main] Started ApiPlantApplication in 3.536 seconds (process running for 3.763)
2025-07-26 17:11:02,579 INFO o.s.b.w.e.t.GracefulShutdown {shutDownGracefully} [SpringApplicationShutdownHook] Commencing graceful shutdown. Waiting for active requests to complete
2025-07-26 17:11:02,642 INFO o.s.b.w.e.t.GracefulShutdown {doShutdown} [tomcat-shutdown] Graceful shutdown complete
2025-07-26 17:11:02,642 INFO o.s.o.j.AbstractEntityManagerFactoryBean {destroy} [SpringApplicationShutdownHook] Closing JPA EntityManagerFactory for persistence unit 'default'
2025-07-26 17:11:02,657 INFO c.z.h.HikariDataSource {close} [SpringApplicationShutdownHook] HikariPool-1 - Shutdown initiated...
2025-07-26 17:11:02,657 INFO c.z.h.HikariDataSource {close} [SpringApplicationShutdownHook] HikariPool-1 - Shutdown completed.
2025-07-26 17:11:11,452 INFO o.h.v.i.u.Version {<clinit>} [background-preinit] HV000001: Hibernate Validator 8.0.2.Final
2025-07-26 17:11:11,504 INFO o.s.b.StartupInfoLogger {logStarting} [main] Starting ApiPlantApplication using Java 17.0.12 with PID 14756 (C:\Users\maria\OneDrive\Desktop\ApiPlant\target\classes started by maria in C:\Users\maria\OneDrive\Desktop\ApiPlant)
2025-07-26 17:11:11,504 INFO o.s.b.SpringApplication {logStartupProfileInfo} [main] No active profile set, falling back to 1 default profile: "default"
2025-07-26 17:11:11,934 INFO o.s.d.r.c.RepositoryConfigurationDelegate {registerRepositoriesIn} [main] Bootstrapping Spring Data JPA repositories in DEFAULT mode.
2025-07-26 17:11:11,989 INFO o.s.d.r.c.RepositoryConfigurationDelegate {registerRepositoriesIn} [main] Finished Spring Data repository scanning in 43 ms. Found 5 JPA repository interfaces.
2025-07-26 17:11:12,372 INFO o.s.b.w.e.t.TomcatWebServer {initialize} [main] Tomcat initialized with port 8080 (http)
2025-07-26 17:11:12,372 INFO o.a.j.l.DirectJDKLog {log} [main] Initializing ProtocolHandler ["http-nio-8080"]
2025-07-26 17:11:12,372 INFO o.a.j.l.DirectJDKLog {log} [main] Starting service [Tomcat]
2025-07-26 17:11:12,372 INFO o.a.j.l.DirectJDKLog {log} [main] Starting Servlet engine: [Apache Tomcat/10.1.42]
2025-07-26 17:11:12,420 INFO o.a.j.l.DirectJDKLog {log} [main] Initializing Spring embedded WebApplicationContext
2025-07-26 17:11:12,420 INFO o.s.b.w.s.c.ServletWebServerApplicationContext {prepareWebApplicationContext} [main] Root WebApplicationContext: initialization completed in 881 ms
2025-07-26 17:11:12,525 INFO o.h.j.i.u.LogHelper {logPersistenceUnitInformation} [main] HHH000204: Processing PersistenceUnitInfo [name: default]
2025-07-26 17:11:12,560 INFO o.h.Version {logVersion} [main] HHH000412: Hibernate ORM core version 6.6.18.Final
2025-07-26 17:11:12,586 INFO o.h.c.i.RegionFactoryInitiator {initiateService} [main] HHH000026: Second-level cache disabled
2025-07-26 17:11:12,756 INFO o.s.o.j.p.SpringPersistenceUnitInfo {addTransformer} [main] No LoadTimeWeaver setup: ignoring JPA class transformer
2025-07-26 17:11:12,772 INFO c.z.h.HikariDataSource {getConnection} [main] HikariPool-1 - Starting...
2025-07-26 17:11:12,961 INFO c.z.h.p.HikariPool {checkFailFast} [main] HikariPool-1 - Added connection conn0: url=jdbc:h2:file:~/apiplant.db user=SA
2025-07-26 17:11:12,962 INFO c.z.h.HikariDataSource {getConnection} [main] HikariPool-1 - Start completed.
2025-07-26 17:11:12,978 WARN o.h.e.j.d.i.DialectFactoryImpl {constructDialect} [main] HHH90000025: H2Dialect does not need to be specified explicitly using 'hibernate.dialect' (remove the property setting and it will be selected by default)
2025-07-26 17:11:13,000 INFO o.h.e.j.e.i.JdbcEnvironmentInitiator {logConnectionInfo} [main] HHH10001005: Database info:
	Database JDBC URL [Connecting through datasource 'HikariDataSource (HikariPool-1)']
	Database driver: undefined/unknown
	Database version: 2.3.232
	Autocommit mode: undefined/unknown
	Isolation level: undefined/unknown
	Minimum pool size: undefined/unknown
	Maximum pool size: undefined/unknown
2025-07-26 17:11:13,813 INFO o.h.e.t.j.p.i.JtaPlatformInitiator {initiateService} [main] HHH000489: No JTA platform available (set 'hibernate.transaction.jta.platform' to enable JTA platform integration)
2025-07-26 17:11:13,907 INFO o.s.o.j.AbstractEntityManagerFactoryBean {buildNativeEntityManagerFactory} [main] Initialized JPA EntityManagerFactory for persistence unit 'default'
2025-07-26 17:11:14,709 WARN o.s.b.a.o.j.JpaBaseConfiguration$JpaWebConfiguration {openEntityManagerInViewInterceptor} [main] spring.jpa.open-in-view is enabled by default. Therefore, database queries may be performed during view rendering. Explicitly configure spring.jpa.open-in-view to disable this warning
2025-07-26 17:11:15,196 INFO o.s.b.a.h.H2ConsoleAutoConfiguration$H2ConsoleLogger {log} [main] H2 console available at '/h2-console'. Database available at 'jdbc:h2:file:~/apiplant.db'
2025-07-26 17:11:15,286 INFO o.a.j.l.DirectJDKLog {log} [main] Starting ProtocolHandler ["http-nio-8080"]
2025-07-26 17:11:15,332 INFO o.s.b.w.e.t.TomcatWebServer {start} [main] Tomcat started on port 8080 (http) with context path '/'
2025-07-26 17:11:15,347 INFO o.s.b.StartupInfoLogger {logStarted} [main] Started ApiPlantApplication in 4.179 seconds (process running for 4.383)
2025-07-26 17:11:53,907 INFO o.a.j.l.DirectJDKLog {log} [http-nio-8080-exec-2] Initializing Spring DispatcherServlet 'dispatcherServlet'
2025-07-26 17:11:53,907 INFO o.s.w.s.FrameworkServlet {initServletBean} [http-nio-8080-exec-2] Initializing Servlet 'dispatcherServlet'
2025-07-26 17:11:53,908 INFO o.s.w.s.FrameworkServlet {initServletBean} [http-nio-8080-exec-2] Completed initialization in 0 ms
